/*******************************************************************************
 * Size: 140 px
 * Bpp: 1
 * Opts: --bpp 1 --size 140 --no-compress --stride 1 --align 1 --font VT323-Regular.ttf --symbols abcdefghijklmnopqrstuvwxyzABCDEFGHIJKLMNOPQRSTUVWXYZ1234567890: .,-° --format lvgl -o largest1.c
 ******************************************************************************/

#ifdef __has_include
    #if __has_include("lvgl.h")
        #ifndef LV_LVGL_H_INCLUDE_SIMPLE
            #define LV_LVGL_H_INCLUDE_SIMPLE
        #endif
    #endif
#endif

#ifdef LV_LVGL_H_INCLUDE_SIMPLE
    #include "lvgl.h"
#else
    #include "lvgl/lvgl.h"
#endif



#ifndef LARGEST1
#define LARGEST1 1
#endif

#if LARGEST1

/*-----------------
 *    BITMAPS
 *----------------*/

/*Store the image of the glyphs*/
static LV_ATTRIBUTE_LARGE_CONST const uint8_t glyph_bitmap[] = {
    /* U+0020 " " */
    0x0,

    /* U+002C "," */
    0xff, 0xff, 0xff, 0xff, 0xff, 0xff, 0xff, 0xff,
    0xff, 0xff, 0xff, 0xff, 0xff, 0xff, 0xff, 0xff,
    0xff, 0xff, 0xff, 0xff, 0xff, 0xff, 0xff, 0xff,
    0xff, 0xff, 0xff, 0xff, 0xff, 0xff, 0xff, 0xff,
    0xff, 0xff, 0xff, 0xff, 0xff, 0xff, 0xff, 0xff,
    0xff, 0xc0, 0xff, 0x83, 0xff, 0x7, 0xfe, 0xf,
    0xfc, 0x1f, 0xf8, 0x3f, 0xf0, 0x7f, 0xe0, 0xff,
    0xc1, 0xff, 0x83, 0xff, 0x3, 0xff, 0xff, 0x3,
    0xff, 0x7, 0xfe, 0xf, 0xfc, 0x1f, 0xf8, 0x3f,
    0xf0, 0x7f, 0xe0, 0xff, 0xc1, 0xff, 0x83, 0xff,
    0x7, 0xfc, 0x0,

    /* U+002D "-" */
    0xff, 0xff, 0xff, 0xff, 0xff, 0xff, 0xff, 0xff,
    0xff, 0xff, 0xff, 0xff, 0xff, 0xff, 0xff, 0xff,
    0xff, 0xff, 0xff, 0xff, 0xff, 0xff, 0xff, 0xff,
    0xff, 0xff, 0xff, 0xff, 0xff, 0xff, 0xff, 0xff,
    0xff, 0xff, 0xff, 0xff, 0xff, 0xff, 0xff, 0xfe,

    /* U+002E "." */
    0xff, 0xff, 0xff, 0xff, 0xff, 0xff, 0xff, 0xff,
    0xff, 0xff, 0xff, 0xff, 0xff, 0xff, 0xff, 0xff,
    0xff, 0xff, 0xff, 0xff, 0xff, 0xff, 0xff, 0xff,
    0xff, 0xff, 0xff, 0xff, 0xff, 0xff, 0xff, 0xff,
    0xff, 0xff, 0xff, 0xff, 0xff, 0xff, 0xff, 0xff,
    0xff, 0xc0,

    /* U+0030 "0" */
    0x0, 0x1f, 0xff, 0xc0, 0x0, 0x0, 0xff, 0xfe,
    0x0, 0x0, 0x7, 0xff, 0xf0, 0x0, 0x0, 0x3f,
    0xff, 0x80, 0x0, 0x1, 0xff, 0xfc, 0x0, 0x0,
    0xf, 0xff, 0xe0, 0x0, 0x0, 0x7f, 0xff, 0x0,
    0x0, 0x3, 0xff, 0xf8, 0x0, 0x0, 0x1f, 0xff,
    0xc0, 0x0, 0x0, 0xff, 0xfe, 0x0, 0x0, 0x7,
    0xff, 0xf0, 0x0, 0x1f, 0xe0, 0x0, 0xff, 0x0,
    0xff, 0x0, 0x7, 0xf8, 0x7, 0xf8, 0x0, 0x3f,
    0xc0, 0x3f, 0xc0, 0x1, 0xfe, 0x1, 0xfe, 0x0,
    0xf, 0xf0, 0xf, 0xf0, 0x0, 0x7f, 0x80, 0x7f,
    0x80, 0x3, 0xfc, 0x3, 0xfc, 0x0, 0x1f, 0xe0,
    0x1f, 0xe0, 0x0, 0xff, 0x0, 0xff, 0x0, 0x7,
    0xf8, 0x7, 0xf8, 0x0, 0x3f, 0xc3, 0xff, 0xc0,
    0x1, 0xff, 0xff, 0xfe, 0x0, 0xf, 0xff, 0xff,
    0xf0, 0x0, 0x7f, 0xff, 0xff, 0x80, 0x3, 0xff,
    0xff, 0xfc, 0x0, 0x1f, 0xff, 0xff, 0xe0, 0x0,
    0xff, 0xff, 0xff, 0x0, 0x7, 0xff, 0xff, 0xf8,
    0x0, 0x3f, 0xff, 0xff, 0xc0, 0x1, 0xff, 0xff,
    0xfe, 0x0, 0xf, 0xff, 0xff, 0xf0, 0x0, 0x7f,
    0xff, 0xff, 0x80, 0x3, 0xff, 0xff, 0xfc, 0x0,
    0x1f, 0xff, 0xff, 0xe0, 0x0, 0xff, 0xff, 0xff,
    0x0, 0x7, 0xff, 0xff, 0xf8, 0x0, 0x3f, 0xff,
    0xff, 0xc0, 0x1, 0xff, 0xff, 0xfe, 0x0, 0xf,
    0xff, 0xff, 0xf0, 0x0, 0x7f, 0xff, 0xff, 0x80,
    0x3, 0xff, 0xff, 0xfc, 0x0, 0x1f, 0xff, 0xff,
    0xe0, 0x0, 0xff, 0xff, 0xff, 0x0, 0x7, 0xff,
    0xff, 0xf8, 0x0, 0x3f, 0xff, 0xff, 0xc0, 0x1,
    0xff, 0xff, 0xfe, 0x0, 0xf, 0xff, 0xff, 0xf0,
    0x0, 0x7f, 0xff, 0xff, 0x80, 0x3, 0xff, 0xff,
    0xfc, 0x0, 0x1f, 0xff, 0xff, 0xe0, 0x0, 0xff,
    0xff, 0xff, 0x0, 0x7, 0xff, 0xff, 0xf8, 0x0,
    0x3f, 0xff, 0xff, 0xc0, 0x1, 0xff, 0xe1, 0xfe,
    0x0, 0xf, 0xf0, 0xf, 0xf0, 0x0, 0x7f, 0x80,
    0x7f, 0x80, 0x3, 0xfc, 0x3, 0xfc, 0x0, 0x1f,
    0xe0, 0x1f, 0xe0, 0x0, 0xff, 0x0, 0xff, 0x0,
    0x7, 0xf8, 0x7, 0xf8, 0x0, 0x3f, 0xc0, 0x3f,
    0xc0, 0x1, 0xfe, 0x1, 0xfe, 0x0, 0xf, 0xf0,
    0xf, 0xf0, 0x0, 0x7f, 0x80, 0x7f, 0x80, 0x3,
    0xfc, 0x3, 0xfc, 0x0, 0x1f, 0xe0, 0x0, 0x3f,
    0xff, 0x80, 0x0, 0x1, 0xff, 0xfc, 0x0, 0x0,
    0xf, 0xff, 0xe0, 0x0, 0x0, 0x7f, 0xff, 0x0,
    0x0, 0x3, 0xff, 0xf8, 0x0, 0x0, 0x1f, 0xff,
    0xc0, 0x0, 0x0, 0xff, 0xfe, 0x0, 0x0, 0x7,
    0xff, 0xf0, 0x0, 0x0, 0x3f, 0xff, 0x80, 0x0,
    0x1, 0xff, 0xfc, 0x0, 0x0, 0xf, 0xff, 0xe0,
    0x0,

    /* U+0031 "1" */
    0x0, 0xf, 0xff, 0x0, 0x0, 0x1, 0xff, 0xe0,
    0x0, 0x0, 0x3f, 0xfc, 0x0, 0x0, 0x7, 0xff,
    0x80, 0x0, 0x0, 0xff, 0xf0, 0x0, 0x0, 0x1f,
    0xfe, 0x0, 0x0, 0x3, 0xff, 0xc0, 0x0, 0x0,
    0x7f, 0xf8, 0x0, 0x0, 0xf, 0xff, 0x0, 0x0,
    0x1, 0xff, 0xe0, 0x0, 0x0, 0x3f, 0xfc, 0x0,
    0xf, 0xff, 0xff, 0x80, 0x1, 0xff, 0xff, 0xf0,
    0x0, 0x3f, 0xff, 0xfe, 0x0, 0x7, 0xff, 0xff,
    0xc0, 0x0, 0xff, 0xff, 0xf8, 0x0, 0x1f, 0xff,
    0xff, 0x0, 0x3, 0xff, 0xff, 0xe0, 0x0, 0x7f,
    0xff, 0xfc, 0x0, 0xf, 0xff, 0xff, 0x80, 0x1,
    0xff, 0xff, 0xf0, 0x0, 0x3f, 0xff, 0xfe, 0x0,
    0x0, 0x3, 0xff, 0xc0, 0x0, 0x0, 0x7f, 0xf8,
    0x0, 0x0, 0xf, 0xff, 0x0, 0x0, 0x1, 0xff,
    0xe0, 0x0, 0x0, 0x3f, 0xfc, 0x0, 0x0, 0x7,
    0xff, 0x80, 0x0, 0x0, 0xff, 0xf0, 0x0, 0x0,
    0x1f, 0xfe, 0x0, 0x0, 0x3, 0xff, 0xc0, 0x0,
    0x0, 0x7f, 0xf8, 0x0, 0x0, 0xf, 0xff, 0x0,
    0x0, 0x1, 0xff, 0xc0, 0x0, 0x0, 0x3f, 0xfc,
    0x0, 0x0, 0x7, 0xff, 0x80, 0x0, 0x0, 0xff,
    0xf0, 0x0, 0x0, 0x1f, 0xfe, 0x0, 0x0, 0x3,
    0xff, 0xc0, 0x0, 0x0, 0x7f, 0xf8, 0x0, 0x0,
    0xf, 0xff, 0x0, 0x0, 0x1, 0xff, 0xe0, 0x0,
    0x0, 0x3f, 0xfc, 0x0, 0x0, 0x7, 0xff, 0x80,
    0x0, 0x0, 0x7f, 0xe0, 0x0, 0x0, 0x1f, 0xfe,
    0x0, 0x0, 0x3, 0xff, 0xc0, 0x0, 0x0, 0x7f,
    0xf8, 0x0, 0x0, 0xf, 0xff, 0x0, 0x0, 0x1,
    0xff, 0xe0, 0x0, 0x0, 0x3f, 0xfc, 0x0, 0x0,
    0x7, 0xff, 0x80, 0x0, 0x0, 0xff, 0xf0, 0x0,
    0x0, 0x1f, 0xfe, 0x0, 0x0, 0x3, 0xff, 0xc0,
    0x0, 0x0, 0x7f, 0xf8, 0x0, 0x0, 0xf, 0xff,
    0x0, 0x0, 0x1, 0xff, 0xe0, 0x0, 0x0, 0x3f,
    0xfc, 0x0, 0x0, 0x7, 0xff, 0x80, 0x0, 0x0,
    0xff, 0xf0, 0x0, 0x0, 0x1f, 0xfe, 0x0, 0x0,
    0x3, 0xff, 0xc0, 0x0, 0x0, 0x7f, 0xf8, 0x0,
    0x0, 0xf, 0xff, 0x0, 0x0, 0x1, 0xff, 0xe0,
    0x0, 0x0, 0x3f, 0xfc, 0x0, 0x7f, 0xff, 0xff,
    0xff, 0xff, 0xff, 0xff, 0xff, 0xff, 0xff, 0xff,
    0xff, 0xff, 0xff, 0xff, 0xff, 0xff, 0xff, 0xff,
    0xff, 0xff, 0xff, 0xff, 0xff, 0xff, 0xff, 0xff,
    0xff, 0xff, 0xff, 0xff, 0xff, 0xff, 0xff, 0xff,
    0xff, 0xff, 0xff, 0xff, 0xff, 0xff, 0xff, 0xff,
    0xff, 0xff, 0xff, 0xff, 0xff, 0xc0,

    /* U+0032 "2" */
    0x3, 0xff, 0xff, 0xff, 0xc0, 0x3, 0xff, 0xff,
    0xff, 0xe0, 0x3, 0xff, 0xff, 0xff, 0xe0, 0x3,
    0xff, 0xff, 0xff, 0xe0, 0x3, 0xff, 0xff, 0xff,
    0xe0, 0x3, 0xff, 0xff, 0xff, 0xe0, 0x3, 0xff,
    0xff, 0xff, 0xe0, 0x3, 0xff, 0xff, 0xff, 0xe0,
    0x3, 0xff, 0xff, 0xff, 0xe0, 0x3, 0xff, 0xff,
    0xff, 0xe0, 0x3, 0xff, 0xff, 0xff, 0xc0, 0xff,
    0x80, 0x0, 0xf, 0xff, 0xff, 0xc0, 0x0, 0xf,
    0xff, 0xff, 0xc0, 0x0, 0xf, 0xff, 0xff, 0xc0,
    0x0, 0xf, 0xff, 0xff, 0xc0, 0x0, 0xf, 0xff,
    0xff, 0xc0, 0x0, 0xf, 0xff, 0xff, 0xc0, 0x0,
    0xf, 0xff, 0xff, 0xc0, 0x0, 0xf, 0xff, 0xff,
    0xc0, 0x0, 0xf, 0xff, 0xff, 0xc0, 0x0, 0xf,
    0xff, 0xff, 0x80, 0x0, 0xf, 0xff, 0x0, 0x0,
    0x0, 0xf, 0xff, 0x0, 0x0, 0x0, 0xf, 0xff,
    0x0, 0x0, 0x0, 0xf, 0xff, 0x0, 0x0, 0x0,
    0xf, 0xff, 0x0, 0x0, 0x0, 0xf, 0xff, 0x0,
    0x0, 0x0, 0xf, 0xff, 0x0, 0x0, 0x0, 0xf,
    0xff, 0x0, 0x0, 0x0, 0xf, 0xff, 0x0, 0x0,
    0x0, 0xf, 0xff, 0x0, 0x0, 0x0, 0xf, 0xff,
    0x0, 0x0, 0x0, 0xf, 0xff, 0x0, 0x0, 0x7,
    0xff, 0x80, 0x0, 0x0, 0x7, 0xff, 0x80, 0x0,
    0x0, 0x7, 0xff, 0x80, 0x0, 0x0, 0x7, 0xff,
    0x80, 0x0, 0x0, 0x7, 0xff, 0x80, 0x0, 0x0,
    0x7, 0xff, 0x80, 0x0, 0x0, 0x7, 0xff, 0x80,
    0x0, 0x0, 0x7, 0xff, 0x80, 0x0, 0x0, 0x7,
    0xff, 0x80, 0x0, 0x0, 0x7, 0xff, 0x80, 0x0,
    0x0, 0x7, 0xff, 0x80, 0x0, 0x3, 0xff, 0xc0,
    0x0, 0x0, 0x3, 0xff, 0xc0, 0x0, 0x0, 0x3,
    0xff, 0xc0, 0x0, 0x0, 0x3, 0xff, 0xc0, 0x0,
    0x0, 0x3, 0xff, 0xc0, 0x0, 0x0, 0x3, 0xff,
    0xc0, 0x0, 0x0, 0x3, 0xff, 0xc0, 0x0, 0x0,
    0x3, 0xff, 0xc0, 0x0, 0x0, 0x3, 0xff, 0xc0,
    0x0, 0x0, 0x3, 0xff, 0xc0, 0x0, 0x0, 0x3,
    0xff, 0xc0, 0x0, 0x0, 0xff, 0xe0, 0x0, 0x0,
    0x1, 0xff, 0xe0, 0x0, 0x0, 0x1, 0xff, 0xe0,
    0x0, 0x0, 0x1, 0xff, 0xe0, 0x0, 0x0, 0x1,
    0xff, 0xe0, 0x0, 0x0, 0x1, 0xff, 0xe0, 0x0,
    0x0, 0x1, 0xff, 0xe0, 0x0, 0x0, 0x1, 0xff,
    0xe0, 0x0, 0x0, 0x1, 0xff, 0xe0, 0x0, 0x0,
    0x1, 0xff, 0xe0, 0x0, 0x0, 0x1, 0xff, 0xe0,
    0x0, 0x0, 0x0, 0xff, 0xe0, 0x0, 0x0, 0xff,
    0xff, 0xff, 0xff, 0xff, 0xff, 0xff, 0xff, 0xff,
    0xff, 0xff, 0xff, 0xff, 0xff, 0xff, 0xff, 0xff,
    0xff, 0xff, 0xff, 0xff, 0xff, 0xff, 0xff, 0xff,
    0xff, 0xff, 0xff, 0xff, 0xff, 0xff, 0xff, 0xff,
    0xff, 0xff, 0xff, 0xff, 0xff, 0xff, 0xff, 0xff,
    0xff, 0xff, 0xff, 0xff, 0xff, 0xff, 0xff, 0xff,
    0xff, 0xff, 0xff, 0xff, 0xff, 0xff,

    /* U+0033 "3" */
    0x3, 0xff, 0xff, 0xff, 0xe0, 0x3, 0xff, 0xff,
    0xff, 0xe0, 0x3, 0xff, 0xff, 0xff, 0xe0, 0x3,
    0xff, 0xff, 0xff, 0xe0, 0x3, 0xff, 0xff, 0xff,
    0xe0, 0x3, 0xff, 0xff, 0xff, 0xe0, 0x3, 0xff,
    0xff, 0xff, 0xe0, 0x3, 0xff, 0xff, 0xff, 0xe0,
    0x3, 0xff, 0xff, 0xff, 0xe0, 0x3, 0xff, 0xff,
    0xff, 0xe0, 0x3, 0xff, 0xff, 0xff, 0xe0, 0xff,
    0xf0, 0x0, 0xf, 0xff, 0xff, 0xf0, 0x0, 0xf,
    0xff, 0xff, 0xf0, 0x0, 0xf, 0xff, 0xff, 0xf0,
    0x0, 0xf, 0xff, 0xff, 0xf0, 0x0, 0xf, 0xff,
    0xff, 0xf0, 0x0, 0xf, 0xff, 0xff, 0xf0, 0x0,
    0xf, 0xff, 0xff, 0xf0, 0x0, 0xf, 0xff, 0xff,
    0xf0, 0x0, 0xf, 0xff, 0xff, 0xf0, 0x0, 0xf,
    0xff, 0xff, 0xf0, 0x0, 0xf, 0xff, 0x0, 0x0,
    0x0, 0xf, 0xff, 0x0, 0x0, 0x0, 0xf, 0xff,
    0x0, 0x0, 0x0, 0xf, 0xff, 0x0, 0x0, 0x0,
    0xf, 0xff, 0x0, 0x0, 0x0, 0xf, 0xff, 0x0,
    0x0, 0x0, 0xf, 0xff, 0x0, 0x0, 0x0, 0xf,
    0xff, 0x0, 0x0, 0x0, 0xf, 0xff, 0x0, 0x0,
    0x0, 0xf, 0xff, 0x0, 0x0, 0x0, 0xf, 0xff,
    0x0, 0x0, 0x0, 0xf, 0xff, 0x0, 0x3, 0xff,
    0xff, 0xe0, 0x0, 0x3, 0xff, 0xff, 0xe0, 0x0,
    0x3, 0xff, 0xff, 0xe0, 0x0, 0x3, 0xff, 0xff,
    0xe0, 0x0, 0x3, 0xff, 0xff, 0xe0, 0x0, 0x3,
    0xff, 0xff, 0xe0, 0x0, 0x3, 0xff, 0xff, 0xe0,
    0x0, 0x3, 0xff, 0xff, 0xe0, 0x0, 0x3, 0xff,
    0xff, 0xe0, 0x0, 0x3, 0xff, 0xff, 0xe0, 0x0,
    0x3, 0xff, 0xff, 0xe0, 0x0, 0x0, 0x0, 0xf,
    0xe0, 0x0, 0x0, 0x0, 0xf, 0xff, 0x0, 0x0,
    0x0, 0xf, 0xff, 0x0, 0x0, 0x0, 0xf, 0xff,
    0x0, 0x0, 0x0, 0xf, 0xff, 0x0, 0x0, 0x0,
    0xf, 0xff, 0x0, 0x0, 0x0, 0xf, 0xff, 0x0,
    0x0, 0x0, 0xf, 0xff, 0x0, 0x0, 0x0, 0xf,
    0xff, 0x0, 0x0, 0x0, 0xf, 0xff, 0x0, 0x0,
    0x0, 0xf, 0xff, 0x0, 0x0, 0x0, 0xf, 0xff,
    0xff, 0xf0, 0x0, 0xf, 0xff, 0xff, 0xf0, 0x0,
    0xf, 0xff, 0xff, 0xf0, 0x0, 0xf, 0xff, 0xff,
    0xf0, 0x0, 0xf, 0xff, 0xff, 0xf0, 0x0, 0xf,
    0xff, 0xff, 0xf0, 0x0, 0xf, 0xff, 0xff, 0xf0,
    0x0, 0xf, 0xff, 0xff, 0xf0, 0x0, 0xf, 0xff,
    0xff, 0xf0, 0x0, 0xf, 0xff, 0xff, 0xf0, 0x0,
    0xf, 0xff, 0xff, 0xf0, 0x0, 0xf, 0xff, 0x3,
    0xff, 0xff, 0xff, 0xe0, 0x3, 0xff, 0xff, 0xff,
    0xe0, 0x3, 0xff, 0xff, 0xff, 0xe0, 0x3, 0xff,
    0xff, 0xff, 0xe0, 0x3, 0xff, 0xff, 0xff, 0xe0,
    0x3, 0xff, 0xff, 0xff, 0xe0, 0x3, 0xff, 0xff,
    0xff, 0xe0, 0x3, 0xff, 0xff, 0xff, 0xe0, 0x3,
    0xff, 0xff, 0xff, 0xe0, 0x3, 0xff, 0xff, 0xff,
    0xe0, 0x3, 0xff, 0xff, 0xff, 0xe0,

    /* U+0034 "4" */
    0x0, 0x0, 0x1f, 0xff, 0xff, 0x0, 0x0, 0x0,
    0x7f, 0xff, 0xfc, 0x0, 0x0, 0x1, 0xff, 0xff,
    0xf0, 0x0, 0x0, 0x7, 0xff, 0xff, 0xc0, 0x0,
    0x0, 0x1f, 0xff, 0xff, 0x0, 0x0, 0x0, 0x7f,
    0xff, 0xfc, 0x0, 0x0, 0x1, 0xff, 0xff, 0xf0,
    0x0, 0x0, 0x7, 0xff, 0xff, 0xc0, 0x0, 0x0,
    0x1f, 0xff, 0xff, 0x0, 0x0, 0x0, 0x7f, 0xff,
    0xfc, 0x0, 0x0, 0x1, 0xff, 0xff, 0xf0, 0x0,
    0x3, 0xfc, 0x3, 0xff, 0xc0, 0x0, 0xf, 0xf0,
    0xf, 0xff, 0x0, 0x0, 0x3f, 0xc0, 0x3f, 0xfc,
    0x0, 0x0, 0xff, 0x0, 0xff, 0xf0, 0x0, 0x3,
    0xfc, 0x3, 0xff, 0xc0, 0x0, 0xf, 0xf0, 0xf,
    0xff, 0x0, 0x0, 0x3f, 0xc0, 0x3f, 0xfc, 0x0,
    0x0, 0xff, 0x0, 0xff, 0xf0, 0x0, 0x3, 0xfc,
    0x3, 0xff, 0xc0, 0x0, 0xf, 0xf0, 0xf, 0xff,
    0x0, 0x0, 0x3f, 0xc0, 0x3f, 0xfc, 0x0, 0xf,
    0xf0, 0x0, 0xff, 0xf0, 0x0, 0x3f, 0xc0, 0x3,
    0xff, 0xc0, 0x0, 0xff, 0x0, 0xf, 0xff, 0x0,
    0x3, 0xfc, 0x0, 0x3f, 0xfc, 0x0, 0xf, 0xf0,
    0x0, 0xff, 0xf0, 0x0, 0x3f, 0xc0, 0x3, 0xff,
    0xc0, 0x0, 0xff, 0x0, 0xf, 0xff, 0x0, 0x3,
    0xfc, 0x0, 0x3f, 0xfc, 0x0, 0xf, 0xf0, 0x0,
    0xff, 0xf0, 0x0, 0x3f, 0xc0, 0x3, 0xff, 0xc0,
    0x0, 0xff, 0x0, 0xf, 0xff, 0x0, 0x3f, 0xc0,
    0x0, 0x3f, 0xfc, 0x0, 0xff, 0x0, 0x0, 0xff,
    0xf0, 0x3, 0xfc, 0x0, 0x3, 0xff, 0xc0, 0xf,
    0xf0, 0x0, 0xf, 0xff, 0x0, 0x3f, 0xc0, 0x0,
    0x3f, 0xfc, 0x0, 0xff, 0x0, 0x0, 0xff, 0xf0,
    0x3, 0xfc, 0x0, 0x3, 0xff, 0xc0, 0xf, 0xf0,
    0x0, 0xf, 0xff, 0x0, 0x3f, 0xc0, 0x0, 0x3f,
    0xfc, 0x0, 0xff, 0x0, 0x0, 0xff, 0xf0, 0x3,
    0xfc, 0x0, 0x3, 0xff, 0xc0, 0xff, 0xff, 0xff,
    0xff, 0xff, 0xfb, 0xff, 0xff, 0xff, 0xff, 0xff,
    0xef, 0xff, 0xff, 0xff, 0xff, 0xff, 0xbf, 0xff,
    0xff, 0xff, 0xff, 0xfe, 0xff, 0xff, 0xff, 0xff,
    0xff, 0xfb, 0xff, 0xff, 0xff, 0xff, 0xff, 0xff,
    0xff, 0xff, 0xff, 0xff, 0xff, 0xbf, 0xff, 0xff,
    0xff, 0xff, 0xfe, 0xff, 0xff, 0xff, 0xff, 0xff,
    0xfb, 0xff, 0xff, 0xff, 0xff, 0xff, 0xef, 0xff,
    0xff, 0xff, 0xff, 0xff, 0x80, 0x0, 0x0, 0x3,
    0xff, 0xc0, 0x0, 0x0, 0x0, 0xf, 0xff, 0x0,
    0x0, 0x0, 0x0, 0x3f, 0xfc, 0x0, 0x0, 0x0,
    0x0, 0xff, 0xf0, 0x0, 0x0, 0x0, 0x3, 0xff,
    0xc0, 0x0, 0x0, 0x0, 0xf, 0xff, 0x0, 0x0,
    0x0, 0x0, 0x3f, 0xfc, 0x0, 0x0, 0x0, 0x0,
    0xff, 0xf0, 0x0, 0x0, 0x0, 0x3, 0xff, 0xc0,
    0x0, 0x0, 0x0, 0xf, 0xff, 0x0, 0x0, 0x0,
    0x0, 0x3f, 0xfc, 0x0, 0x0, 0x0, 0x0, 0x7f,
    0xe0, 0x0, 0x0, 0x0, 0x3, 0xff, 0xc0, 0x0,
    0x0, 0x0, 0xf, 0xff, 0x0, 0x0, 0x0, 0x0,
    0x3f, 0xfc, 0x0, 0x0, 0x0, 0x0, 0xff, 0xf0,
    0x0, 0x0, 0x0, 0x3, 0xff, 0xc0, 0x0, 0x0,
    0x0, 0xf, 0xff, 0x0, 0x0, 0x0, 0x0, 0x3f,
    0xfc, 0x0, 0x0, 0x0, 0x0, 0xff, 0xf0, 0x0,
    0x0, 0x0, 0x3, 0xff, 0xc0, 0x0, 0x0, 0x0,
    0xf, 0xff, 0x0, 0x0, 0x0, 0x0, 0x3f, 0xfc,
    0x0,

    /* U+0035 "5" */
    0xff, 0xff, 0xff, 0xff, 0xfe, 0x1f, 0xff, 0xff,
    0xff, 0xff, 0xc3, 0xff, 0xff, 0xff, 0xff, 0xf8,
    0x7f, 0xff, 0xff, 0xff, 0xff, 0xf, 0xff, 0xff,
    0xff, 0xff, 0xe1, 0xff, 0xff, 0xff, 0xff, 0xfc,
    0x3f, 0xff, 0xff, 0xff, 0xff, 0x87, 0xff, 0xff,
    0xff, 0xff, 0xf0, 0xff, 0xff, 0xff, 0xff, 0xfe,
    0x1f, 0xff, 0xff, 0xff, 0xff, 0xc3, 0xff, 0xff,
    0xff, 0xff, 0xf8, 0x7f, 0xf8, 0x0, 0x0, 0x0,
    0xf, 0xff, 0x0, 0x0, 0x0, 0x1, 0xff, 0xe0,
    0x0, 0x0, 0x0, 0x3f, 0xfc, 0x0, 0x0, 0x0,
    0x7, 0xff, 0x80, 0x0, 0x0, 0x0, 0xff, 0xf0,
    0x0, 0x0, 0x0, 0x1f, 0xfe, 0x0, 0x0, 0x0,
    0x3, 0xff, 0xc0, 0x0, 0x0, 0x0, 0x7f, 0xf8,
    0x0, 0x0, 0x0, 0xf, 0xff, 0x0, 0x0, 0x0,
    0x1, 0xff, 0xe0, 0x0, 0x0, 0x0, 0x3f, 0xfc,
    0x3f, 0xff, 0xc0, 0x7, 0xff, 0x8f, 0xff, 0xf8,
    0x0, 0xff, 0xf1, 0xff, 0xff, 0x0, 0x1f, 0xfe,
    0x3f, 0xff, 0xe0, 0x3, 0xff, 0xc7, 0xff, 0xfc,
    0x0, 0x7f, 0xf8, 0xff, 0xff, 0x80, 0xf, 0xff,
    0x1f, 0xff, 0xf0, 0x1, 0xff, 0xe3, 0xff, 0xfe,
    0x0, 0x3f, 0xfc, 0x7f, 0xff, 0xc0, 0x7, 0xff,
    0x8f, 0xff, 0xf8, 0x0, 0xff, 0xf0, 0xff, 0xff,
    0x0, 0x1f, 0xff, 0xe0, 0x3, 0xff, 0xc3, 0xff,
    0xfe, 0x0, 0x7f, 0xf8, 0x7f, 0xff, 0xc0, 0xf,
    0xff, 0xf, 0xff, 0xf8, 0x1, 0xff, 0xe1, 0xff,
    0xff, 0x0, 0x3f, 0xfc, 0x3f, 0xff, 0xe0, 0x7,
    0xff, 0x87, 0xff, 0xfc, 0x0, 0xff, 0xf0, 0xff,
    0xff, 0x80, 0x1f, 0xfe, 0x1f, 0xff, 0xf0, 0x3,
    0xff, 0xc3, 0xff, 0xfe, 0x0, 0x7f, 0xf8, 0x7f,
    0xff, 0x80, 0xf, 0xff, 0x0, 0x0, 0x0, 0x0,
    0x1f, 0xfe, 0x0, 0x0, 0x0, 0x3, 0xff, 0xc0,
    0x0, 0x0, 0x0, 0x7f, 0xf8, 0x0, 0x0, 0x0,
    0xf, 0xff, 0x0, 0x0, 0x0, 0x1, 0xff, 0xe0,
    0x0, 0x0, 0x0, 0x3f, 0xfc, 0x0, 0x0, 0x0,
    0x7, 0xff, 0x80, 0x0, 0x0, 0x0, 0xff, 0xf0,
    0x0, 0x0, 0x0, 0x1f, 0xfe, 0x0, 0x0, 0x0,
    0x3, 0xff, 0xc0, 0x0, 0x0, 0x0, 0x7f, 0xf8,
    0x0, 0x0, 0x0, 0xf, 0xf0, 0xff, 0xc0, 0x0,
    0x1f, 0xfe, 0x1f, 0xf8, 0x0, 0x3, 0xff, 0xc3,
    0xff, 0x0, 0x0, 0x7f, 0xf8, 0x7f, 0xe0, 0x0,
    0xf, 0xff, 0xf, 0xfc, 0x0, 0x1, 0xff, 0xe1,
    0xff, 0x80, 0x0, 0x3f, 0xfc, 0x3f, 0xf0, 0x0,
    0x7, 0xff, 0x87, 0xfe, 0x0, 0x0, 0xff, 0xf0,
    0xff, 0xc0, 0x0, 0x1f, 0xfe, 0x1f, 0xf8, 0x0,
    0x3, 0xff, 0xc3, 0xff, 0x0, 0x0, 0x7f, 0xf8,
    0x1, 0xff, 0xff, 0xff, 0x80, 0x0, 0x3f, 0xff,
    0xff, 0xf0, 0x0, 0x7, 0xff, 0xff, 0xfe, 0x0,
    0x0, 0xff, 0xff, 0xff, 0xc0, 0x0, 0x1f, 0xff,
    0xff, 0xf8, 0x0, 0x3, 0xff, 0xff, 0xff, 0x0,
    0x0, 0x7f, 0xff, 0xff, 0xe0, 0x0, 0xf, 0xff,
    0xff, 0xfc, 0x0, 0x1, 0xff, 0xff, 0xff, 0x80,
    0x0, 0x3f, 0xff, 0xff, 0xf0, 0x0, 0x7, 0xff,
    0xff, 0xfe, 0x0, 0x0,

    /* U+0036 "6" */
    0x0, 0x1, 0xff, 0xff, 0xf0, 0x0, 0x0, 0x7f,
    0xff, 0xfc, 0x0, 0x0, 0x1f, 0xff, 0xff, 0x0,
    0x0, 0x7, 0xff, 0xff, 0xc0, 0x0, 0x1, 0xff,
    0xff, 0xf0, 0x0, 0x0, 0x7f, 0xff, 0xfc, 0x0,
    0x0, 0x1f, 0xff, 0xff, 0x0, 0x0, 0x7, 0xff,
    0xff, 0xc0, 0x0, 0x1, 0xff, 0xff, 0xf0, 0x0,
    0x0, 0x7f, 0xff, 0xfc, 0x0, 0x0, 0x1f, 0xff,
    0xff, 0x0, 0x3f, 0xfc, 0x0, 0x0, 0x0, 0xf,
    0xff, 0x0, 0x0, 0x0, 0x3, 0xff, 0xc0, 0x0,
    0x0, 0x0, 0xff, 0xf0, 0x0, 0x0, 0x0, 0x3f,
    0xfc, 0x0, 0x0, 0x0, 0xf, 0xff, 0x0, 0x0,
    0x0, 0x3, 0xff, 0xc0, 0x0, 0x0, 0x0, 0xff,
    0xf0, 0x0, 0x0, 0x0, 0x3f, 0xfc, 0x0, 0x0,
    0x0, 0xf, 0xff, 0x0, 0x0, 0x0, 0x3, 0xff,
    0xc0, 0x0, 0x0, 0xf, 0xff, 0x0, 0x0, 0x0,
    0x3, 0xff, 0xc0, 0x0, 0x0, 0x0, 0xff, 0xf0,
    0x0, 0x0, 0x0, 0x3f, 0xfc, 0x0, 0x0, 0x0,
    0xf, 0xff, 0x0, 0x0, 0x0, 0x3, 0xff, 0xc0,
    0x0, 0x0, 0x0, 0xff, 0xf0, 0x0, 0x0, 0x0,
    0x3f, 0xfc, 0x0, 0x0, 0x0, 0xf, 0xff, 0x0,
    0x0, 0x0, 0x3, 0xff, 0xc0, 0x0, 0x0, 0x0,
    0xff, 0xf0, 0x0, 0x0, 0x0, 0x3f, 0xfc, 0x7f,
    0xff, 0xfc, 0xf, 0xff, 0x1f, 0xff, 0xff, 0x3,
    0xff, 0xc7, 0xff, 0xff, 0xc0, 0xff, 0xf1, 0xff,
    0xff, 0xf0, 0x3f, 0xfc, 0x7f, 0xff, 0xfc, 0xf,
    0xff, 0x1f, 0xff, 0xff, 0x3, 0xff, 0xc7, 0xff,
    0xff, 0xc0, 0xff, 0xf1, 0xff, 0xff, 0xf0, 0x3f,
    0xfc, 0x7f, 0xff, 0xfc, 0xf, 0xff, 0x1f, 0xff,
    0xff, 0x3, 0xff, 0xc7, 0xff, 0xff, 0xc0, 0xff,
    0xf0, 0x0, 0x3, 0xf0, 0x3f, 0xff, 0xc0, 0x0,
    0xff, 0xff, 0xff, 0xf0, 0x0, 0x3f, 0xff, 0xff,
    0xfc, 0x0, 0xf, 0xff, 0xff, 0xff, 0x0, 0x3,
    0xff, 0xff, 0xff, 0xc0, 0x0, 0xff, 0xff, 0xff,
    0xf0, 0x0, 0x3f, 0xff, 0xff, 0xfc, 0x0, 0xf,
    0xff, 0xff, 0xff, 0x0, 0x3, 0xff, 0xff, 0xff,
    0xc0, 0x0, 0xff, 0xff, 0xff, 0xf0, 0x0, 0x3f,
    0xfc, 0x3f, 0xfc, 0x0, 0xf, 0xff, 0xf, 0xff,
    0x0, 0x3, 0xff, 0xc3, 0xff, 0xc0, 0x0, 0xff,
    0xf0, 0xff, 0xf0, 0x0, 0x3f, 0xfc, 0x3f, 0xfc,
    0x0, 0xf, 0xff, 0xf, 0xff, 0x0, 0x3, 0xff,
    0xc3, 0xff, 0xc0, 0x0, 0xff, 0xf0, 0xff, 0xf0,
    0x0, 0x3f, 0xfc, 0x3f, 0xfc, 0x0, 0xf, 0xff,
    0xf, 0xff, 0x0, 0x3, 0xff, 0xc3, 0xff, 0xc0,
    0x0, 0xff, 0xf0, 0xff, 0xf0, 0x0, 0x3f, 0xfc,
    0x0, 0x7, 0xff, 0xfe, 0x0, 0x0, 0x1, 0xff,
    0xff, 0x80, 0x0, 0x0, 0x7f, 0xff, 0xe0, 0x0,
    0x0, 0x1f, 0xff, 0xf8, 0x0, 0x0, 0x7, 0xff,
    0xfe, 0x0, 0x0, 0x1, 0xff, 0xff, 0x80, 0x0,
    0x0, 0x7f, 0xff, 0xe0, 0x0, 0x0, 0x1f, 0xff,
    0xf8, 0x0, 0x0, 0x7, 0xff, 0xfe, 0x0, 0x0,
    0x1, 0xff, 0xff, 0x80, 0x0, 0x0, 0x7f, 0xff,
    0xe0, 0x0,

    /* U+0037 "7" */
    0xff, 0xff, 0xff, 0xff, 0xff, 0xff, 0xff, 0xff,
    0xff, 0xff, 0xff, 0xff, 0xff, 0xff, 0xff, 0xff,
    0xff, 0xff, 0xff, 0xff, 0xff, 0xff, 0xff, 0xff,
    0xff, 0xff, 0xff, 0xff, 0xff, 0xff, 0xff, 0xff,
    0xff, 0xff, 0xff, 0xff, 0xff, 0xff, 0xff, 0xff,
    0xff, 0xff, 0xff, 0xff, 0xff, 0xff, 0xff, 0xff,
    0xff, 0xff, 0xff, 0xff, 0xff, 0xff, 0xff, 0x0,
    0x0, 0x0, 0xf, 0xff, 0x0, 0x0, 0x0, 0xf,
    0xff, 0x0, 0x0, 0x0, 0xf, 0xff, 0x0, 0x0,
    0x0, 0xf, 0xff, 0x0, 0x0, 0x0, 0xf, 0xff,
    0x0, 0x0, 0x0, 0xf, 0xff, 0x0, 0x0, 0x0,
    0xf, 0xff, 0x0, 0x0, 0x0, 0xf, 0xff, 0x0,
    0x0, 0x0, 0xf, 0xff, 0x0, 0x0, 0x0, 0xf,
    0xff, 0x0, 0x0, 0x0, 0xf, 0xff, 0x0, 0x0,
    0x0, 0xff, 0xf0, 0x0, 0x0, 0x0, 0xff, 0xf0,
    0x0, 0x0, 0x0, 0xff, 0xf0, 0x0, 0x0, 0x0,
    0xff, 0xf0, 0x0, 0x0, 0x0, 0xff, 0xf0, 0x0,
    0x0, 0x0, 0xff, 0xf0, 0x0, 0x0, 0x0, 0xff,
    0xf0, 0x0, 0x0, 0x0, 0xff, 0xf0, 0x0, 0x0,
    0x0, 0xff, 0xf0, 0x0, 0x0, 0x0, 0xff, 0xf0,
    0x0, 0x0, 0x0, 0xff, 0xf0, 0x0, 0x0, 0xf,
    0xff, 0x0, 0x0, 0x0, 0xf, 0xff, 0x0, 0x0,
    0x0, 0xf, 0xff, 0x0, 0x0, 0x0, 0xf, 0xff,
    0x0, 0x0, 0x0, 0xf, 0xff, 0x0, 0x0, 0x0,
    0xf, 0xff, 0x0, 0x0, 0x0, 0xf, 0xff, 0x0,
    0x0, 0x0, 0xf, 0xff, 0x0, 0x0, 0x0, 0xf,
    0xff, 0x0, 0x0, 0x0, 0xf, 0xff, 0x0, 0x0,
    0x0, 0xf, 0xff, 0x0, 0x0, 0x0, 0xf, 0xf0,
    0x0, 0x0, 0x0, 0xff, 0xf0, 0x0, 0x0, 0x0,
    0xff, 0xf0, 0x0, 0x0, 0x0, 0xff, 0xf0, 0x0,
    0x0, 0x0, 0xff, 0xf0, 0x0, 0x0, 0x0, 0xff,
    0xf0, 0x0, 0x0, 0x0, 0xff, 0xf0, 0x0, 0x0,
    0x0, 0xff, 0xf0, 0x0, 0x0, 0x0, 0xff, 0xf0,
    0x0, 0x0, 0x0, 0xff, 0xf0, 0x0, 0x0, 0x0,
    0xff, 0xf0, 0x0, 0x0, 0xf, 0xfe, 0x0, 0x0,
    0x0, 0x1f, 0xfe, 0x0, 0x0, 0x0, 0x1f, 0xfe,
    0x0, 0x0, 0x0, 0x1f, 0xfe, 0x0, 0x0, 0x0,
    0x1f, 0xfe, 0x0, 0x0, 0x0, 0x1f, 0xfe, 0x0,
    0x0, 0x0, 0x1f, 0xfe, 0x0, 0x0, 0x0, 0x1f,
    0xfe, 0x0, 0x0, 0x0, 0x1f, 0xfe, 0x0, 0x0,
    0x0, 0x1f, 0xfe, 0x0, 0x0, 0x0, 0x1f, 0xfe,
    0x0, 0x0, 0x0, 0xf, 0xfe, 0x0, 0x0, 0x1,
    0xff, 0xe0, 0x0, 0x0, 0x1, 0xff, 0xe0, 0x0,
    0x0, 0x1, 0xff, 0xe0, 0x0, 0x0, 0x1, 0xff,
    0xe0, 0x0, 0x0, 0x1, 0xff, 0xe0, 0x0, 0x0,
    0x1, 0xff, 0xe0, 0x0, 0x0, 0x1, 0xff, 0xe0,
    0x0, 0x0, 0x1, 0xff, 0xe0, 0x0, 0x0, 0x1,
    0xff, 0xe0, 0x0, 0x0, 0x1, 0xff, 0xe0, 0x0,
    0x0, 0x1, 0xff, 0xe0, 0x0, 0x0,

    /* U+0038 "8" */
    0x1, 0xff, 0xff, 0xfc, 0x0, 0xf, 0xff, 0xff,
    0xf0, 0x0, 0x7f, 0xff, 0xff, 0x80, 0x3, 0xff,
    0xff, 0xfc, 0x0, 0x1f, 0xff, 0xff, 0xe0, 0x0,
    0xff, 0xff, 0xff, 0x0, 0x7, 0xff, 0xff, 0xf8,
    0x0, 0x3f, 0xff, 0xff, 0xc0, 0x1, 0xff, 0xff,
    0xfe, 0x0, 0xf, 0xff, 0xff, 0xf0, 0x0, 0x7f,
    0xff, 0xff, 0x81, 0xff, 0xe0, 0x0, 0xff, 0xff,
    0xff, 0x0, 0x7, 0xff, 0xff, 0xf8, 0x0, 0x3f,
    0xff, 0xff, 0xc0, 0x1, 0xff, 0xff, 0xfe, 0x0,
    0xf, 0xff, 0xff, 0xf0, 0x0, 0x7f, 0xff, 0xff,
    0x80, 0x3, 0xff, 0xff, 0xfc, 0x0, 0x1f, 0xff,
    0xff, 0xe0, 0x0, 0xff, 0xff, 0xff, 0x0, 0x7,
    0xff, 0xff, 0xf8, 0x0, 0x3f, 0xff, 0xff, 0xc0,
    0x1, 0xff, 0xff, 0xfe, 0x0, 0xf, 0xff, 0xff,
    0xf0, 0x0, 0x7f, 0xff, 0xff, 0x80, 0x3, 0xff,
    0xff, 0xfc, 0x0, 0x1f, 0xff, 0xff, 0xe0, 0x0,
    0xff, 0xff, 0xff, 0x0, 0x7, 0xff, 0xff, 0xf8,
    0x0, 0x3f, 0xff, 0xff, 0xc0, 0x1, 0xff, 0xff,
    0xfe, 0x0, 0xf, 0xff, 0xff, 0xf0, 0x0, 0x7f,
    0xf8, 0xf, 0xff, 0xff, 0xe0, 0x0, 0x7f, 0xff,
    0xff, 0x80, 0x3, 0xff, 0xff, 0xfc, 0x0, 0x1f,
    0xff, 0xff, 0xe0, 0x0, 0xff, 0xff, 0xff, 0x0,
    0x7, 0xff, 0xff, 0xf8, 0x0, 0x3f, 0xff, 0xff,
    0xc0, 0x1, 0xff, 0xff, 0xfe, 0x0, 0xf, 0xff,
    0xff, 0xf0, 0x0, 0x7f, 0xff, 0xff, 0x80, 0x3,
    0xff, 0xff, 0xfc, 0x0, 0x1f, 0x0, 0x7, 0xc0,
    0x7f, 0xf8, 0x0, 0x3f, 0xff, 0xff, 0xc0, 0x1,
    0xff, 0xff, 0xfe, 0x0, 0xf, 0xff, 0xff, 0xf0,
    0x0, 0x7f, 0xff, 0xff, 0x80, 0x3, 0xff, 0xff,
    0xfc, 0x0, 0x1f, 0xff, 0xff, 0xe0, 0x0, 0xff,
    0xff, 0xff, 0x0, 0x7, 0xff, 0xff, 0xf8, 0x0,
    0x3f, 0xff, 0xff, 0xc0, 0x1, 0xff, 0xff, 0xfe,
    0x0, 0x7, 0xff, 0xff, 0xf0, 0x0, 0x7f, 0xff,
    0xff, 0x80, 0x3, 0xff, 0xff, 0xfc, 0x0, 0x1f,
    0xff, 0xff, 0xe0, 0x0, 0xff, 0xff, 0xff, 0x0,
    0x7, 0xff, 0xff, 0xf8, 0x0, 0x3f, 0xff, 0xff,
    0xc0, 0x1, 0xff, 0xff, 0xfe, 0x0, 0xf, 0xff,
    0xff, 0xf0, 0x0, 0x7f, 0xff, 0xff, 0x80, 0x3,
    0xff, 0xff, 0xfc, 0x0, 0x1f, 0xfe, 0x3, 0xff,
    0xff, 0xf8, 0x0, 0x1f, 0xff, 0xff, 0xe0, 0x0,
    0xff, 0xff, 0xff, 0x0, 0x7, 0xff, 0xff, 0xf8,
    0x0, 0x3f, 0xff, 0xff, 0xc0, 0x1, 0xff, 0xff,
    0xfe, 0x0, 0xf, 0xff, 0xff, 0xf0, 0x0, 0x7f,
    0xff, 0xff, 0x80, 0x3, 0xff, 0xff, 0xfc, 0x0,
    0x1f, 0xff, 0xff, 0xe0, 0x0, 0xff, 0xff, 0xff,
    0x0,

    /* U+0039 "9" */
    0x0, 0xff, 0xff, 0xc0, 0x0, 0x0, 0x3f, 0xff,
    0xf0, 0x0, 0x0, 0xf, 0xff, 0xfc, 0x0, 0x0,
    0x3, 0xff, 0xff, 0x0, 0x0, 0x0, 0xff, 0xff,
    0xc0, 0x0, 0x0, 0x3f, 0xff, 0xf0, 0x0, 0x0,
    0xf, 0xff, 0xfc, 0x0, 0x0, 0x3, 0xff, 0xff,
    0x0, 0x0, 0x0, 0xff, 0xff, 0xc0, 0x0, 0x0,
    0x3f, 0xff, 0xf0, 0x0, 0x0, 0xf, 0xff, 0xfc,
    0x0, 0x3, 0xff, 0xc0, 0x1, 0xff, 0xe0, 0xff,
    0xf0, 0x0, 0x7f, 0xf8, 0x3f, 0xfc, 0x0, 0x1f,
    0xfe, 0xf, 0xff, 0x0, 0x7, 0xff, 0x83, 0xff,
    0xc0, 0x1, 0xff, 0xe0, 0xff, 0xf0, 0x0, 0x7f,
    0xf8, 0x3f, 0xfc, 0x0, 0x1f, 0xfe, 0xf, 0xff,
    0x0, 0x7, 0xff, 0x83, 0xff, 0xc0, 0x1, 0xff,
    0xe0, 0xff, 0xf0, 0x0, 0x7f, 0xf8, 0x3f, 0xfc,
    0x0, 0x1f, 0xfe, 0xf, 0xff, 0x0, 0x7, 0xff,
    0xfb, 0xff, 0xc0, 0x1, 0xff, 0xff, 0xff, 0xf0,
    0x0, 0x7f, 0xff, 0xff, 0xfc, 0x0, 0x1f, 0xff,
    0xff, 0xff, 0x0, 0x7, 0xff, 0xff, 0xff, 0xc0,
    0x1, 0xff, 0xff, 0xff, 0xf0, 0x0, 0x7f, 0xff,
    0xff, 0xfc, 0x0, 0x1f, 0xff, 0xff, 0xff, 0x0,
    0x7, 0xff, 0xff, 0xff, 0xc0, 0x1, 0xff, 0xff,
    0xff, 0xf0, 0x0, 0x7f, 0xff, 0x81, 0xff, 0xff,
    0xf0, 0xff, 0xe0, 0x7f, 0xff, 0xfc, 0x3f, 0xfc,
    0x1f, 0xff, 0xff, 0xf, 0xff, 0x7, 0xff, 0xff,
    0xc3, 0xff, 0xc1, 0xff, 0xff, 0xf0, 0xff, 0xf0,
    0x7f, 0xff, 0xfc, 0x3f, 0xfc, 0x1f, 0xff, 0xff,
    0xf, 0xff, 0x7, 0xff, 0xff, 0xc3, 0xff, 0xc1,
    0xff, 0xff, 0xf0, 0xff, 0xf0, 0x7f, 0xff, 0xfc,
    0x3f, 0xfc, 0x1f, 0xff, 0xff, 0xf, 0xfe, 0x0,
    0x0, 0x0, 0x3, 0xff, 0x80, 0x0, 0x0, 0x0,
    0xff, 0xf0, 0x0, 0x0, 0x0, 0x3f, 0xfc, 0x0,
    0x0, 0x0, 0xf, 0xff, 0x0, 0x0, 0x0, 0x3,
    0xff, 0xc0, 0x0, 0x0, 0x0, 0xff, 0xf0, 0x0,
    0x0, 0x0, 0x3f, 0xfc, 0x0, 0x0, 0x0, 0xf,
    0xff, 0x0, 0x0, 0x0, 0x3, 0xff, 0xc0, 0x0,
    0x0, 0x0, 0xff, 0xf0, 0x0, 0x0, 0x0, 0x3f,
    0xf8, 0x0, 0x0, 0x0, 0xf, 0xe0, 0x0, 0x0,
    0x0, 0x7f, 0xf8, 0x0, 0x0, 0x0, 0x1f, 0xfe,
    0x0, 0x0, 0x0, 0x7, 0xff, 0x80, 0x0, 0x0,
    0x1, 0xff, 0xe0, 0x0, 0x0, 0x0, 0x7f, 0xf8,
    0x0, 0x0, 0x0, 0x1f, 0xfe, 0x0, 0x0, 0x0,
    0x7, 0xff, 0x80, 0x0, 0x0, 0x1, 0xff, 0xe0,
    0x0, 0x0, 0x0, 0x7f, 0xf8, 0x0, 0x0, 0x0,
    0x1f, 0xfe, 0x0, 0x0, 0x0, 0x7, 0xff, 0x80,
    0x1f, 0xff, 0xff, 0x0, 0x0, 0x7, 0xff, 0xff,
    0xc0, 0x0, 0x1, 0xff, 0xff, 0xf0, 0x0, 0x0,
    0x7f, 0xff, 0xfc, 0x0, 0x0, 0x1f, 0xff, 0xff,
    0x0, 0x0, 0x7, 0xff, 0xff, 0xc0, 0x0, 0x1,
    0xff, 0xff, 0xf0, 0x0, 0x0, 0x7f, 0xff, 0xfc,
    0x0, 0x0, 0x1f, 0xff, 0xff, 0x0, 0x0, 0x7,
    0xff, 0xff, 0xc0, 0x0, 0x1, 0xff, 0xff, 0xf0,
    0x0, 0x0,

    /* U+003A ":" */
    0xff, 0xff, 0xff, 0xff, 0xff, 0xff, 0xff, 0xff,
    0xff, 0xff, 0xff, 0xff, 0xff, 0xff, 0xff, 0xff,
    0xff, 0xff, 0xff, 0xff, 0xff, 0xff, 0xff, 0xff,
    0xff, 0xff, 0xff, 0xff, 0xff, 0xff, 0xff, 0xff,
    0xff, 0xff, 0xff, 0xff, 0xff, 0xff, 0xff, 0xff,
    0xff, 0xc0, 0x0, 0x0, 0x0, 0x0, 0x0, 0x0,
    0x0, 0x0, 0x0, 0x0, 0x0, 0x0, 0x0, 0x0,
    0x0, 0x0, 0x0, 0x0, 0x0, 0x0, 0x0, 0x0,
    0x0, 0x0, 0x0, 0x0, 0x0, 0x0, 0x0, 0x0,
    0x0, 0x0, 0x0, 0x0, 0x0, 0x0, 0x0, 0x0,
    0x0, 0x0, 0x0, 0x0, 0x1f, 0xff, 0xff, 0xff,
    0xff, 0xff, 0xff, 0xff, 0xff, 0xff, 0xff, 0xff,
    0xff, 0xff, 0xff, 0xff, 0xff, 0xff, 0xff, 0xff,
    0xff, 0xff, 0xff, 0xff, 0xff, 0xff, 0xff, 0xff,
    0xff, 0xff, 0xff, 0xff, 0xff, 0xff, 0xff, 0xff,
    0xff, 0xff, 0xff, 0xff, 0xff, 0xf8,

    /* U+0041 "A" */
    0x0, 0x3, 0xff, 0xff, 0x0, 0x0, 0x0, 0xf,
    0xff, 0xfc, 0x0, 0x0, 0x0, 0x3f, 0xff, 0xf0,
    0x0, 0x0, 0x0, 0xff, 0xff, 0xc0, 0x0, 0x0,
    0x3, 0xff, 0xff, 0x0, 0x0, 0x0, 0xf, 0xff,
    0xfc, 0x0, 0x0, 0x0, 0x3f, 0xff, 0xf0, 0x0,
    0x0, 0x0, 0xff, 0xff, 0xc0, 0x0, 0x0, 0x3,
    0xff, 0xff, 0x0, 0x0, 0x0, 0xf, 0xff, 0xfc,
    0x0, 0x0, 0x0, 0x3f, 0xff, 0xf0, 0x0, 0x0,
    0x7, 0xff, 0xff, 0xf8, 0x0, 0x0, 0x1f, 0xff,
    0xff, 0xe0, 0x0, 0x0, 0x7f, 0xff, 0xff, 0x80,
    0x0, 0x1, 0xff, 0xff, 0xfe, 0x0, 0x0, 0x7,
    0xff, 0xff, 0xf8, 0x0, 0x0, 0x1f, 0xff, 0xff,
    0xe0, 0x0, 0x0, 0x7f, 0xff, 0xff, 0x80, 0x0,
    0x1, 0xff, 0xff, 0xfe, 0x0, 0x0, 0x7, 0xff,
    0xff, 0xf8, 0x0, 0x0, 0x1f, 0xff, 0xff, 0xe0,
    0x0, 0x0, 0x7f, 0xff, 0xff, 0x80, 0x0, 0x1f,
    0xfe, 0x1, 0xff, 0xe0, 0x0, 0x7f, 0xf8, 0x7,
    0xff, 0x80, 0x1, 0xff, 0xe0, 0x1f, 0xfe, 0x0,
    0x7, 0xff, 0x80, 0x7f, 0xf8, 0x0, 0x1f, 0xfe,
    0x1, 0xff, 0xe0, 0x0, 0x7f, 0xf8, 0x7, 0xff,
    0x80, 0x1, 0xff, 0xe0, 0x1f, 0xfe, 0x0, 0x7,
    0xff, 0x80, 0x7f, 0xf8, 0x0, 0x1f, 0xfe, 0x1,
    0xff, 0xe0, 0x0, 0x7f, 0xf8, 0x7, 0xff, 0x80,
    0x1, 0xff, 0xe0, 0x1f, 0xfe, 0x0, 0x3f, 0xfc,
    0x0, 0xf, 0xff, 0x0, 0xff, 0xf0, 0x0, 0x3f,
    0xfc, 0x3, 0xff, 0xc0, 0x0, 0xff, 0xf0, 0xf,
    0xff, 0x0, 0x3, 0xff, 0xc0, 0x3f, 0xfc, 0x0,
    0xf, 0xff, 0x0, 0xff, 0xf0, 0x0, 0x3f, 0xfc,
    0x3, 0xff, 0xc0, 0x0, 0xff, 0xf0, 0xf, 0xff,
    0x0, 0x3, 0xff, 0xc0, 0x3f, 0xfc, 0x0, 0xf,
    0xff, 0x0, 0xff, 0xf0, 0x0, 0x3f, 0xfc, 0x3,
    0xff, 0xc0, 0x0, 0xff, 0xf0, 0xf, 0xff, 0xff,
    0xff, 0xff, 0xc0, 0x3f, 0xff, 0xff, 0xff, 0xff,
    0x0, 0xff, 0xff, 0xff, 0xff, 0xfc, 0x3, 0xff,
    0xff, 0xff, 0xff, 0xf0, 0xf, 0xff, 0xff, 0xff,
    0xff, 0xc0, 0x3f, 0xff, 0xff, 0xff, 0xff, 0x0,
    0xff, 0xff, 0xff, 0xff, 0xfc, 0x3, 0xff, 0xff,
    0xff, 0xff, 0xf0, 0xf, 0xff, 0xff, 0xff, 0xff,
    0xc0, 0x3f, 0xff, 0xff, 0xff, 0xff, 0x0, 0xff,
    0xff, 0xff, 0xff, 0xfc, 0x3, 0xfc, 0x0, 0x0,
    0xf, 0xf0, 0xff, 0xf0, 0x0, 0x0, 0x3f, 0xff,
    0xff, 0xc0, 0x0, 0x0, 0xff, 0xff, 0xff, 0x0,
    0x0, 0x3, 0xff, 0xff, 0xfc, 0x0, 0x0, 0xf,
    0xff, 0xff, 0xf0, 0x0, 0x0, 0x3f, 0xff, 0xff,
    0xc0, 0x0, 0x0, 0xff, 0xff, 0xff, 0x0, 0x0,
    0x3, 0xff, 0xff, 0xfc, 0x0, 0x0, 0xf, 0xff,
    0xff, 0xf0, 0x0, 0x0, 0x3f, 0xff, 0xff, 0xc0,
    0x0, 0x0, 0xff, 0xff, 0xff, 0x0, 0x0, 0x3,
    0xff, 0xff, 0xfc, 0x0, 0x0, 0xf, 0xff, 0xff,
    0xf0, 0x0, 0x0, 0x3f, 0xff, 0xff, 0xc0, 0x0,
    0x0, 0xff, 0xff, 0xff, 0x0, 0x0, 0x3, 0xff,
    0xff, 0xfc, 0x0, 0x0, 0xf, 0xff, 0xff, 0xf0,
    0x0, 0x0, 0x3f, 0xff, 0xff, 0xc0, 0x0, 0x0,
    0xff, 0xff, 0xff, 0x0, 0x0, 0x3, 0xff, 0xff,
    0xfc, 0x0, 0x0, 0xf, 0xff, 0xff, 0xf0, 0x0,
    0x0, 0x3f, 0xff, 0xff, 0xc0, 0x0, 0x0, 0xff,
    0xf0,

    /* U+0042 "B" */
    0xff, 0xff, 0xff, 0xff, 0xff, 0x3, 0xff, 0xff,
    0xff, 0xff, 0xfc, 0xf, 0xff, 0xff, 0xff, 0xff,
    0xf0, 0x3f, 0xff, 0xff, 0xff, 0xff, 0xc0, 0xff,
    0xff, 0xff, 0xff, 0xff, 0x83, 0xff, 0xff, 0xff,
    0xff, 0xfe, 0xf, 0xff, 0xff, 0xff, 0xff, 0xf8,
    0x3f, 0xff, 0xff, 0xff, 0xff, 0xc0, 0xff, 0xff,
    0xff, 0xff, 0xff, 0x3, 0xff, 0xff, 0xff, 0xff,
    0xfc, 0xf, 0xff, 0xff, 0xff, 0xff, 0xf0, 0x3f,
    0xfc, 0x0, 0x0, 0xf, 0xff, 0xff, 0xf0, 0x0,
    0x0, 0x3f, 0xff, 0xff, 0xc0, 0x0, 0x0, 0xff,
    0xff, 0xff, 0x0, 0x0, 0x3, 0xff, 0xff, 0xfc,
    0x0, 0x0, 0xf, 0xff, 0xff, 0xf0, 0x0, 0x0,
    0x3f, 0xff, 0xff, 0xc0, 0x0, 0x0, 0xff, 0xff,
    0xff, 0x0, 0x0, 0x3, 0xff, 0xff, 0xfc, 0x0,
    0x0, 0xf, 0xff, 0xff, 0xf0, 0x0, 0x0, 0x3f,
    0xff, 0xff, 0xc0, 0x0, 0x0, 0xff, 0xff, 0xff,
    0x0, 0x0, 0x3, 0xff, 0xff, 0xfc, 0x0, 0x0,
    0xf, 0xff, 0xff, 0xf0, 0x0, 0x0, 0x3f, 0xff,
    0xff, 0xc0, 0x0, 0x0, 0xff, 0xff, 0xff, 0x0,
    0x0, 0x3, 0xff, 0xff, 0xfc, 0x0, 0x0, 0xf,
    0xff, 0xff, 0xf0, 0x0, 0x0, 0x3f, 0xff, 0xff,
    0xc0, 0x0, 0x0, 0xff, 0xff, 0xff, 0x0, 0x0,
    0x3, 0xff, 0xff, 0xfc, 0x0, 0x0, 0xf, 0xff,
    0xff, 0xf0, 0x0, 0x0, 0x3f, 0xff, 0xff, 0xff,
    0xff, 0xff, 0xfc, 0xf, 0xff, 0xff, 0xff, 0xff,
    0xf0, 0x3f, 0xff, 0xff, 0xff, 0xff, 0xc0, 0xff,
    0xff, 0xff, 0xff, 0xff, 0x3, 0xff, 0xff, 0xff,
    0xff, 0xfe, 0xf, 0xff, 0xff, 0xff, 0xff, 0xf8,
    0x3f, 0xff, 0xff, 0xff, 0xff, 0xe0, 0xff, 0xff,
    0xff, 0xff, 0xff, 0x83, 0xff, 0xff, 0xff, 0xff,
    0xfc, 0xf, 0xff, 0xff, 0xff, 0xff, 0xf0, 0x3f,
    0xff, 0xff, 0xff, 0xff, 0xc0, 0xff, 0xf0, 0x0,
    0x0, 0x3f, 0x3, 0xff, 0xc0, 0x0, 0x0, 0xff,
    0xff, 0xff, 0x0, 0x0, 0x3, 0xff, 0xff, 0xfc,
    0x0, 0x0, 0xf, 0xff, 0xff, 0xf0, 0x0, 0x0,
    0x3f, 0xff, 0xff, 0xc0, 0x0, 0x0, 0xff, 0xff,
    0xff, 0x0, 0x0, 0x3, 0xff, 0xff, 0xfc, 0x0,
    0x0, 0xf, 0xff, 0xff, 0xf0, 0x0, 0x0, 0x3f,
    0xff, 0xff, 0xc0, 0x0, 0x0, 0xff, 0xff, 0xff,
    0x0, 0x0, 0x3, 0xff, 0xff, 0xfc, 0x0, 0x0,
    0xf, 0xff, 0xff, 0xf0, 0x0, 0x0, 0x3f, 0xff,
    0xff, 0xc0, 0x0, 0x0, 0xff, 0xff, 0xff, 0x0,
    0x0, 0x3, 0xff, 0xff, 0xfc, 0x0, 0x0, 0xf,
    0xff, 0xff, 0xf0, 0x0, 0x0, 0x3f, 0xff, 0xff,
    0xc0, 0x0, 0x0, 0xff, 0xff, 0xff, 0x0, 0x0,
    0x3, 0xff, 0xff, 0xfc, 0x0, 0x0, 0xf, 0xff,
    0xff, 0xf0, 0x0, 0x0, 0x3f, 0xff, 0xff, 0xc0,
    0x0, 0x0, 0xff, 0xff, 0xff, 0x0, 0x0, 0x3,
    0xff, 0xff, 0xff, 0xff, 0xff, 0xff, 0xc0, 0xff,
    0xff, 0xff, 0xff, 0xff, 0x3, 0xff, 0xff, 0xff,
    0xff, 0xfc, 0xf, 0xff, 0xff, 0xff, 0xff, 0xf0,
    0x3f, 0xff, 0xff, 0xff, 0xff, 0xe0, 0xff, 0xff,
    0xff, 0xff, 0xff, 0x83, 0xff, 0xff, 0xff, 0xff,
    0xfe, 0xf, 0xff, 0xff, 0xff, 0xff, 0xf0, 0x3f,
    0xff, 0xff, 0xff, 0xff, 0xc0, 0xff, 0xff, 0xff,
    0xff, 0xff, 0x3, 0xff, 0xff, 0xff, 0xff, 0xfc,
    0x0,

    /* U+0043 "C" */
    0x0, 0x1f, 0xff, 0xff, 0xff, 0x0, 0x0, 0x7f,
    0xff, 0xff, 0xfc, 0x0, 0x1, 0xff, 0xff, 0xff,
    0xf0, 0x0, 0x7, 0xff, 0xff, 0xff, 0xc0, 0x0,
    0x1f, 0xff, 0xff, 0xff, 0x0, 0x0, 0x7f, 0xff,
    0xff, 0xfc, 0x0, 0x1, 0xff, 0xff, 0xff, 0xf0,
    0x0, 0x7, 0xff, 0xff, 0xff, 0xc0, 0x0, 0x1f,
    0xff, 0xff, 0xff, 0x0, 0x0, 0x7f, 0xff, 0xff,
    0xfc, 0x0, 0x1, 0xff, 0xff, 0xff, 0xf0, 0x0,
    0xff, 0xf0, 0x0, 0xf, 0xff, 0x3, 0xff, 0xc0,
    0x0, 0x3f, 0xfc, 0xf, 0xff, 0x0, 0x0, 0xff,
    0xf0, 0x3f, 0xfc, 0x0, 0x3, 0xff, 0xc0, 0xff,
    0xf0, 0x0, 0xf, 0xff, 0x3, 0xff, 0xc0, 0x0,
    0x3f, 0xfc, 0xf, 0xff, 0x0, 0x0, 0xff, 0xf0,
    0x3f, 0xfc, 0x0, 0x3, 0xff, 0xc0, 0xff, 0xf0,
    0x0, 0xf, 0xff, 0x3, 0xff, 0xc0, 0x0, 0x3f,
    0xfc, 0xf, 0xff, 0x0, 0x0, 0xff, 0xff, 0xff,
    0x0, 0x0, 0x0, 0x0, 0x3f, 0xfc, 0x0, 0x0,
    0x0, 0x0, 0xff, 0xf0, 0x0, 0x0, 0x0, 0x3,
    0xff, 0xc0, 0x0, 0x0, 0x0, 0xf, 0xff, 0x0,
    0x0, 0x0, 0x0, 0x3f, 0xfc, 0x0, 0x0, 0x0,
    0x0, 0xff, 0xf0, 0x0, 0x0, 0x0, 0x3, 0xff,
    0xc0, 0x0, 0x0, 0x0, 0xf, 0xff, 0x0, 0x0,
    0x0, 0x0, 0x3f, 0xfc, 0x0, 0x0, 0x0, 0x0,
    0xff, 0xf0, 0x0, 0x0, 0x0, 0x3, 0xff, 0xc0,
    0x0, 0x0, 0x0, 0xf, 0xff, 0x0, 0x0, 0x0,
    0x0, 0x3f, 0xfc, 0x0, 0x0, 0x0, 0x0, 0xff,
    0xf0, 0x0, 0x0, 0x0, 0x3, 0xff, 0xc0, 0x0,
    0x0, 0x0, 0xf, 0xff, 0x0, 0x0, 0x0, 0x0,
    0x3f, 0xfc, 0x0, 0x0, 0x0, 0x0, 0xff, 0xf0,
    0x0, 0x0, 0x0, 0x3, 0xff, 0xc0, 0x0, 0x0,
    0x0, 0xf, 0xff, 0x0, 0x0, 0x0, 0x0, 0x3f,
    0xfc, 0x0, 0x0, 0x0, 0x0, 0xff, 0xf0, 0x0,
    0x0, 0x0, 0x3, 0xff, 0xc0, 0x0, 0x0, 0x0,
    0xf, 0xff, 0x0, 0x0, 0x0, 0x0, 0x3f, 0xfc,
    0x0, 0x0, 0x0, 0x0, 0xff, 0xf0, 0x0, 0x0,
    0x0, 0x3, 0xff, 0xc0, 0x0, 0x0, 0x0, 0xf,
    0xff, 0x0, 0x0, 0x0, 0x0, 0x3f, 0xfc, 0x0,
    0x0, 0x0, 0x0, 0xff, 0xf0, 0x0, 0x0, 0x0,
    0x3, 0xff, 0xc0, 0x0, 0x0, 0x0, 0xf, 0xff,
    0x0, 0x0, 0x0, 0x0, 0x0, 0xfc, 0x0, 0x0,
    0x0, 0x0, 0x3, 0xff, 0xc0, 0x0, 0x3f, 0xfc,
    0xf, 0xff, 0x0, 0x0, 0xff, 0xf0, 0x3f, 0xfc,
    0x0, 0x3, 0xff, 0xc0, 0xff, 0xf0, 0x0, 0xf,
    0xff, 0x3, 0xff, 0xc0, 0x0, 0x3f, 0xfc, 0xf,
    0xff, 0x0, 0x0, 0xff, 0xf0, 0x3f, 0xfc, 0x0,
    0x3, 0xff, 0xc0, 0xff, 0xf0, 0x0, 0xf, 0xff,
    0x3, 0xff, 0xc0, 0x0, 0x3f, 0xfc, 0xf, 0xff,
    0x0, 0x0, 0xff, 0xf0, 0x3f, 0xfc, 0x0, 0x3,
    0xff, 0xc0, 0x7, 0xff, 0xff, 0xff, 0xc0, 0x0,
    0x1f, 0xff, 0xff, 0xff, 0x0, 0x0, 0x7f, 0xff,
    0xff, 0xfc, 0x0, 0x1, 0xff, 0xff, 0xff, 0xf0,
    0x0, 0x7, 0xff, 0xff, 0xff, 0xc0, 0x0, 0x1f,
    0xff, 0xff, 0xff, 0x0, 0x0, 0x7f, 0xff, 0xff,
    0xfc, 0x0, 0x1, 0xff, 0xff, 0xff, 0xf0, 0x0,
    0x7, 0xff, 0xff, 0xff, 0xc0, 0x0, 0x1f, 0xff,
    0xff, 0xff, 0x0, 0x0, 0x7f, 0xff, 0xff, 0xfc,
    0x0,

    /* U+0044 "D" */
    0xff, 0xff, 0xff, 0xff, 0xe0, 0x3, 0xff, 0xff,
    0xff, 0xff, 0x80, 0xf, 0xff, 0xff, 0xff, 0xfe,
    0x0, 0x3f, 0xff, 0xff, 0xff, 0xf8, 0x0, 0xff,
    0xff, 0xff, 0xff, 0xe0, 0x3, 0xff, 0xff, 0xff,
    0xff, 0x80, 0xf, 0xff, 0xff, 0xff, 0xfe, 0x0,
    0x3f, 0xff, 0xff, 0xff, 0xf8, 0x0, 0xff, 0xff,
    0xff, 0xff, 0xe0, 0x3, 0xff, 0xff, 0xff, 0xff,
    0x80, 0xf, 0xff, 0xff, 0xff, 0xfe, 0x0, 0x3f,
    0xfc, 0x0, 0x3, 0xff, 0xc0, 0xff, 0xf0, 0x0,
    0xf, 0xff, 0x3, 0xff, 0xc0, 0x0, 0x3f, 0xfc,
    0xf, 0xff, 0x0, 0x0, 0xff, 0xf0, 0x3f, 0xfc,
    0x0, 0x3, 0xff, 0xc0, 0xff, 0xf0, 0x0, 0xf,
    0xff, 0x3, 0xff, 0xc0, 0x0, 0x3f, 0xfc, 0xf,
    0xff, 0x0, 0x0, 0xff, 0xf0, 0x3f, 0xfc, 0x0,
    0x3, 0xff, 0xc0, 0xff, 0xf0, 0x0, 0xf, 0xff,
    0x3, 0xff, 0xc0, 0x0, 0x3f, 0xfc, 0xf, 0xff,
    0x0, 0x0, 0x3, 0xff, 0xff, 0xfc, 0x0, 0x0,
    0xf, 0xff, 0xff, 0xf0, 0x0, 0x0, 0x3f, 0xff,
    0xff, 0xc0, 0x0, 0x0, 0xff, 0xff, 0xff, 0x0,
    0x0, 0x3, 0xff, 0xff, 0xfc, 0x0, 0x0, 0xf,
    0xff, 0xff, 0xf0, 0x0, 0x0, 0x3f, 0xff, 0xff,
    0xc0, 0x0, 0x0, 0xff, 0xff, 0xff, 0x0, 0x0,
    0x3, 0xff, 0xff, 0xfc, 0x0, 0x0, 0xf, 0xff,
    0xff, 0xf0, 0x0, 0x0, 0x3f, 0xff, 0xff, 0xc0,
    0x0, 0x0, 0xff, 0xff, 0xff, 0x0, 0x0, 0x3,
    0xff, 0xff, 0xfc, 0x0, 0x0, 0xf, 0xff, 0xff,
    0xf0, 0x0, 0x0, 0x3f, 0xff, 0xff, 0xc0, 0x0,
    0x0, 0xff, 0xff, 0xff, 0x0, 0x0, 0x3, 0xff,
    0xff, 0xfc, 0x0, 0x0, 0xf, 0xff, 0xff, 0xf0,
    0x0, 0x0, 0x3f, 0xff, 0xff, 0xc0, 0x0, 0x0,
    0xff, 0xff, 0xff, 0x0, 0x0, 0x3, 0xff, 0xff,
    0xfc, 0x0, 0x0, 0xf, 0xff, 0xff, 0xf0, 0x0,
    0x0, 0x3f, 0xff, 0xff, 0xc0, 0x0, 0x0, 0xff,
    0xff, 0xff, 0x0, 0x0, 0x3, 0xff, 0xff, 0xfc,
    0x0, 0x0, 0xf, 0xff, 0xff, 0xf0, 0x0, 0x0,
    0x3f, 0xff, 0xff, 0xc0, 0x0, 0x0, 0xff, 0xff,
    0xff, 0x0, 0x0, 0x3, 0xff, 0xff, 0xfc, 0x0,
    0x0, 0xf, 0xff, 0xff, 0xf0, 0x0, 0x0, 0x3f,
    0xff, 0xff, 0xc0, 0x0, 0x0, 0xff, 0xff, 0xff,
    0x0, 0x0, 0x3, 0xff, 0xff, 0xfc, 0x0, 0x3,
    0xff, 0xc0, 0xff, 0xf0, 0x0, 0xf, 0xff, 0x3,
    0xff, 0xc0, 0x0, 0x3f, 0xfc, 0xf, 0xff, 0x0,
    0x0, 0xff, 0xf0, 0x3f, 0xfc, 0x0, 0x3, 0xff,
    0xc0, 0xff, 0xf0, 0x0, 0xf, 0xff, 0x3, 0xff,
    0xc0, 0x0, 0x3f, 0xfc, 0xf, 0xff, 0x0, 0x0,
    0xff, 0xf0, 0x3f, 0xfc, 0x0, 0x3, 0xff, 0xc0,
    0xff, 0xf0, 0x0, 0xf, 0xff, 0x3, 0xff, 0xc0,
    0x0, 0x3f, 0xfc, 0xf, 0xff, 0x0, 0x0, 0xff,
    0xf0, 0x3f, 0xff, 0xff, 0xff, 0xf8, 0x0, 0xff,
    0xff, 0xff, 0xff, 0xe0, 0x3, 0xff, 0xff, 0xff,
    0xff, 0x80, 0xf, 0xff, 0xff, 0xff, 0xfe, 0x0,
    0x3f, 0xff, 0xff, 0xff, 0xf8, 0x0, 0xff, 0xff,
    0xff, 0xff, 0xe0, 0x3, 0xff, 0xff, 0xff, 0xff,
    0x80, 0xf, 0xff, 0xff, 0xff, 0xfe, 0x0, 0x3f,
    0xff, 0xff, 0xff, 0xf8, 0x0, 0xff, 0xff, 0xff,
    0xff, 0xe0, 0x3, 0xff, 0xff, 0xff, 0xff, 0x80,
    0x0,

    /* U+0045 "E" */
    0xff, 0xff, 0xff, 0xff, 0xdf, 0xff, 0xff, 0xff,
    0xfb, 0xff, 0xff, 0xff, 0xff, 0x7f, 0xff, 0xff,
    0xff, 0xef, 0xff, 0xff, 0xff, 0xfd, 0xff, 0xff,
    0xff, 0xff, 0xff, 0xff, 0xff, 0xff, 0xf7, 0xff,
    0xff, 0xff, 0xfe, 0xff, 0xff, 0xff, 0xff, 0xdf,
    0xff, 0xff, 0xff, 0xfb, 0xff, 0xff, 0xff, 0xff,
    0x7f, 0xf8, 0x0, 0x0, 0xf, 0xff, 0x0, 0x0,
    0x1, 0xff, 0xe0, 0x0, 0x0, 0x3f, 0xfc, 0x0,
    0x0, 0x7, 0xff, 0x80, 0x0, 0x0, 0xff, 0xf0,
    0x0, 0x0, 0x1f, 0xfe, 0x0, 0x0, 0x3, 0xff,
    0xc0, 0x0, 0x0, 0x7f, 0xf8, 0x0, 0x0, 0xf,
    0xff, 0x0, 0x0, 0x1, 0xff, 0xe0, 0x0, 0x0,
    0x3f, 0xfc, 0x0, 0x0, 0x7, 0xff, 0x80, 0x0,
    0x0, 0xff, 0xf0, 0x0, 0x0, 0x1f, 0xfe, 0x0,
    0x0, 0x3, 0xff, 0xc0, 0x0, 0x0, 0x7f, 0xf8,
    0x0, 0x0, 0xf, 0xff, 0x0, 0x0, 0x1, 0xff,
    0xe0, 0x0, 0x0, 0x3f, 0xfc, 0x0, 0x0, 0x7,
    0xff, 0x80, 0x0, 0x0, 0xff, 0xf0, 0x0, 0x0,
    0x1f, 0xff, 0xff, 0xff, 0xfb, 0xff, 0xff, 0xff,
    0xff, 0x7f, 0xff, 0xff, 0xff, 0xef, 0xff, 0xff,
    0xff, 0xfd, 0xff, 0xff, 0xff, 0xff, 0xbf, 0xff,
    0xff, 0xff, 0xff, 0xff, 0xff, 0xff, 0xfe, 0xff,
    0xff, 0xff, 0xff, 0xdf, 0xff, 0xff, 0xff, 0xfb,
    0xff, 0xff, 0xff, 0xff, 0x7f, 0xff, 0xff, 0xff,
    0xef, 0xff, 0x0, 0x0, 0x1, 0xff, 0xe0, 0x0,
    0x0, 0x3f, 0xfc, 0x0, 0x0, 0x7, 0xff, 0x80,
    0x0, 0x0, 0xff, 0xf0, 0x0, 0x0, 0x1f, 0xfe,
    0x0, 0x0, 0x3, 0xff, 0xc0, 0x0, 0x0, 0x7f,
    0xf8, 0x0, 0x0, 0xf, 0xff, 0x0, 0x0, 0x1,
    0xff, 0xe0, 0x0, 0x0, 0x3f, 0xfc, 0x0, 0x0,
    0x3, 0xff, 0x0, 0x0, 0x0, 0xff, 0xf0, 0x0,
    0x0, 0x1f, 0xfe, 0x0, 0x0, 0x3, 0xff, 0xc0,
    0x0, 0x0, 0x7f, 0xf8, 0x0, 0x0, 0xf, 0xff,
    0x0, 0x0, 0x1, 0xff, 0xe0, 0x0, 0x0, 0x3f,
    0xfc, 0x0, 0x0, 0x7, 0xff, 0x80, 0x0, 0x0,
    0xff, 0xf0, 0x0, 0x0, 0x1f, 0xfe, 0x0, 0x0,
    0x3, 0xff, 0xc0, 0x0, 0x0, 0x7f, 0xff, 0xff,
    0xff, 0xef, 0xff, 0xff, 0xff, 0xfd, 0xff, 0xff,
    0xff, 0xff, 0xbf, 0xff, 0xff, 0xff, 0xf7, 0xff,
    0xff, 0xff, 0xfe, 0xff, 0xff, 0xff, 0xff, 0xff,
    0xff, 0xff, 0xff, 0xfb, 0xff, 0xff, 0xff, 0xff,
    0x7f, 0xff, 0xff, 0xff, 0xef, 0xff, 0xff, 0xff,
    0xfd, 0xff, 0xff, 0xff, 0xff, 0x80,

    /* U+0046 "F" */
    0xff, 0xff, 0xff, 0xff, 0xdf, 0xff, 0xff, 0xff,
    0xfb, 0xff, 0xff, 0xff, 0xff, 0x7f, 0xff, 0xff,
    0xff, 0xef, 0xff, 0xff, 0xff, 0xfd, 0xff, 0xff,
    0xff, 0xff, 0xff, 0xff, 0xff, 0xff, 0xf7, 0xff,
    0xff, 0xff, 0xfe, 0xff, 0xff, 0xff, 0xff, 0xdf,
    0xff, 0xff, 0xff, 0xfb, 0xff, 0xff, 0xff, 0xff,
    0x7f, 0xf8, 0x0, 0x0, 0xf, 0xff, 0x0, 0x0,
    0x1, 0xff, 0xe0, 0x0, 0x0, 0x3f, 0xfc, 0x0,
    0x0, 0x7, 0xff, 0x80, 0x0, 0x0, 0xff, 0xf0,
    0x0, 0x0, 0x1f, 0xfe, 0x0, 0x0, 0x3, 0xff,
    0xc0, 0x0, 0x0, 0x7f, 0xf8, 0x0, 0x0, 0xf,
    0xff, 0x0, 0x0, 0x1, 0xff, 0xe0, 0x0, 0x0,
    0x3f, 0xfc, 0x0, 0x0, 0x7, 0xff, 0x80, 0x0,
    0x0, 0xff, 0xf0, 0x0, 0x0, 0x1f, 0xfe, 0x0,
    0x0, 0x3, 0xff, 0xc0, 0x0, 0x0, 0x7f, 0xf8,
    0x0, 0x0, 0xf, 0xff, 0x0, 0x0, 0x1, 0xff,
    0xe0, 0x0, 0x0, 0x3f, 0xfc, 0x0, 0x0, 0x7,
    0xff, 0x80, 0x0, 0x0, 0xff, 0xf0, 0x0, 0x0,
    0x1f, 0xff, 0xff, 0xff, 0xfb, 0xff, 0xff, 0xff,
    0xff, 0x7f, 0xff, 0xff, 0xff, 0xef, 0xff, 0xff,
    0xff, 0xfd, 0xff, 0xff, 0xff, 0xff, 0xbf, 0xff,
    0xff, 0xff, 0xff, 0xff, 0xff, 0xff, 0xfe, 0xff,
    0xff, 0xff, 0xff, 0xdf, 0xff, 0xff, 0xff, 0xfb,
    0xff, 0xff, 0xff, 0xff, 0x7f, 0xff, 0xff, 0xff,
    0xef, 0xff, 0x0, 0x0, 0x1, 0xff, 0xe0, 0x0,
    0x0, 0x3f, 0xfc, 0x0, 0x0, 0x7, 0xff, 0x80,
    0x0, 0x0, 0xff, 0xf0, 0x0, 0x0, 0x1f, 0xfe,
    0x0, 0x0, 0x3, 0xff, 0xc0, 0x0, 0x0, 0x7f,
    0xf8, 0x0, 0x0, 0xf, 0xff, 0x0, 0x0, 0x1,
    0xff, 0xe0, 0x0, 0x0, 0x3f, 0xfc, 0x0, 0x0,
    0x7, 0xff, 0x0, 0x0, 0x0, 0xff, 0xf0, 0x0,
    0x0, 0x1f, 0xfe, 0x0, 0x0, 0x3, 0xff, 0xc0,
    0x0, 0x0, 0x7f, 0xf8, 0x0, 0x0, 0xf, 0xff,
    0x0, 0x0, 0x1, 0xff, 0xe0, 0x0, 0x0, 0x3f,
    0xfc, 0x0, 0x0, 0x7, 0xff, 0x80, 0x0, 0x0,
    0xff, 0xf0, 0x0, 0x0, 0x1f, 0xfe, 0x0, 0x0,
    0x1, 0xff, 0x80, 0x0, 0x0, 0x7f, 0xf8, 0x0,
    0x0, 0xf, 0xff, 0x0, 0x0, 0x1, 0xff, 0xe0,
    0x0, 0x0, 0x3f, 0xfc, 0x0, 0x0, 0x7, 0xff,
    0x80, 0x0, 0x0, 0xff, 0xf0, 0x0, 0x0, 0x1f,
    0xfe, 0x0, 0x0, 0x3, 0xff, 0xc0, 0x0, 0x0,
    0x7f, 0xf8, 0x0, 0x0, 0xf, 0xff, 0x0, 0x0,
    0x1, 0xff, 0xe0, 0x0, 0x0, 0x0,

    /* U+0047 "G" */
    0x0, 0x1f, 0xff, 0xff, 0xff, 0x0, 0x0, 0x7f,
    0xff, 0xff, 0xfc, 0x0, 0x1, 0xff, 0xff, 0xff,
    0xf0, 0x0, 0x7, 0xff, 0xff, 0xff, 0xc0, 0x0,
    0x1f, 0xff, 0xff, 0xff, 0x0, 0x0, 0x7f, 0xff,
    0xff, 0xfc, 0x0, 0x1, 0xff, 0xff, 0xff, 0xf0,
    0x0, 0x7, 0xff, 0xff, 0xff, 0xc0, 0x0, 0x1f,
    0xff, 0xff, 0xff, 0x0, 0x0, 0x7f, 0xff, 0xff,
    0xfc, 0x0, 0x1, 0xff, 0xff, 0xff, 0xf0, 0x0,
    0xff, 0xf0, 0x0, 0xf, 0xff, 0x3, 0xff, 0xc0,
    0x0, 0x3f, 0xfc, 0xf, 0xff, 0x0, 0x0, 0xff,
    0xf0, 0x3f, 0xfc, 0x0, 0x3, 0xff, 0xc0, 0xff,
    0xf0, 0x0, 0xf, 0xff, 0x3, 0xff, 0xc0, 0x0,
    0x3f, 0xfc, 0xf, 0xff, 0x0, 0x0, 0xff, 0xf0,
    0x3f, 0xfc, 0x0, 0x3, 0xff, 0xc0, 0xff, 0xf0,
    0x0, 0xf, 0xff, 0x3, 0xff, 0xc0, 0x0, 0x3f,
    0xfc, 0xf, 0xff, 0x0, 0x0, 0xff, 0xff, 0xff,
    0x0, 0x0, 0x0, 0x0, 0x3f, 0xfc, 0x0, 0x0,
    0x0, 0x0, 0xff, 0xf0, 0x0, 0x0, 0x0, 0x3,
    0xff, 0xc0, 0x0, 0x0, 0x0, 0xf, 0xff, 0x0,
    0x0, 0x0, 0x0, 0x3f, 0xfc, 0x0, 0x0, 0x0,
    0x0, 0xff, 0xf0, 0x0, 0x0, 0x0, 0x3, 0xff,
    0xc0, 0x0, 0x0, 0x0, 0xf, 0xff, 0x0, 0x0,
    0x0, 0x0, 0x3f, 0xfc, 0x0, 0x0, 0x0, 0x0,
    0xff, 0xf0, 0x0, 0x0, 0x0, 0x3, 0xff, 0xc0,
    0x1, 0xff, 0xff, 0xff, 0xff, 0x0, 0x7, 0xff,
    0xff, 0xff, 0xfc, 0x0, 0x1f, 0xff, 0xff, 0xff,
    0xf0, 0x0, 0x7f, 0xff, 0xff, 0xff, 0xc0, 0x1,
    0xff, 0xff, 0xff, 0xff, 0x0, 0x7, 0xff, 0xff,
    0xff, 0xfc, 0x0, 0x1f, 0xff, 0xff, 0xff, 0xf0,
    0x0, 0x7f, 0xff, 0xff, 0xff, 0xc0, 0x1, 0xff,
    0xff, 0xff, 0xff, 0x0, 0x7, 0xff, 0xff, 0xff,
    0xfc, 0x0, 0x1f, 0xff, 0xff, 0xff, 0xf0, 0x0,
    0x0, 0x3f, 0xff, 0xff, 0xc0, 0x0, 0x0, 0xff,
    0xff, 0xff, 0x0, 0x0, 0x3, 0xff, 0xff, 0xfc,
    0x0, 0x0, 0xf, 0xff, 0xff, 0xf0, 0x0, 0x0,
    0x3f, 0xff, 0xff, 0xc0, 0x0, 0x0, 0xff, 0xff,
    0xff, 0x0, 0x0, 0x3, 0xff, 0xff, 0xfc, 0x0,
    0x0, 0xf, 0xff, 0xff, 0xf0, 0x0, 0x0, 0x3f,
    0xff, 0xff, 0xc0, 0x0, 0x0, 0xff, 0xff, 0xff,
    0x0, 0x0, 0x3, 0xff, 0xc0, 0xff, 0xf0, 0x0,
    0xf, 0xff, 0x3, 0xff, 0xc0, 0x0, 0x3f, 0xfc,
    0xf, 0xff, 0x0, 0x0, 0xff, 0xf0, 0x3f, 0xfc,
    0x0, 0x3, 0xff, 0xc0, 0xff, 0xf0, 0x0, 0xf,
    0xff, 0x3, 0xff, 0xc0, 0x0, 0x3f, 0xfc, 0xf,
    0xff, 0x0, 0x0, 0xff, 0xf0, 0x3f, 0xfc, 0x0,
    0x3, 0xff, 0xc0, 0xff, 0xf0, 0x0, 0xf, 0xff,
    0x3, 0xff, 0xc0, 0x0, 0x3f, 0xfc, 0xf, 0xff,
    0x0, 0x0, 0xff, 0xf0, 0x3f, 0xfc, 0x0, 0x3,
    0xff, 0xc0, 0x7, 0xff, 0xff, 0xff, 0xc0, 0x0,
    0x1f, 0xff, 0xff, 0xff, 0x0, 0x0, 0x7f, 0xff,
    0xff, 0xfc, 0x0, 0x1, 0xff, 0xff, 0xff, 0xf0,
    0x0, 0x7, 0xff, 0xff, 0xff, 0xc0, 0x0, 0x1f,
    0xff, 0xff, 0xff, 0x0, 0x0, 0x7f, 0xff, 0xff,
    0xfc, 0x0, 0x1, 0xff, 0xff, 0xff, 0xf0, 0x0,
    0x7, 0xff, 0xff, 0xff, 0xc0, 0x0, 0x1f, 0xff,
    0xff, 0xff, 0x0, 0x0, 0x7f, 0xff, 0xff, 0xfc,
    0x0,

    /* U+0048 "H" */
    0xff, 0xf0, 0x0, 0x0, 0x3f, 0xff, 0xff, 0xc0,
    0x0, 0x0, 0xff, 0xff, 0xff, 0x0, 0x0, 0x3,
    0xff, 0xff, 0xfc, 0x0, 0x0, 0xf, 0xff, 0xff,
    0xf0, 0x0, 0x0, 0x3f, 0xff, 0xff, 0xc0, 0x0,
    0x0, 0xff, 0xff, 0xff, 0x0, 0x0, 0x3, 0xff,
    0xff, 0xfc, 0x0, 0x0, 0xf, 0xff, 0xff, 0xf0,
    0x0, 0x0, 0x3f, 0xff, 0xff, 0xc0, 0x0, 0x0,
    0xff, 0xff, 0xff, 0x0, 0x0, 0x3, 0xff, 0xff,
    0xfc, 0x0, 0x0, 0xf, 0xff, 0xff, 0xf0, 0x0,
    0x0, 0x3f, 0xff, 0xff, 0xc0, 0x0, 0x0, 0xff,
    0xff, 0xff, 0x0, 0x0, 0x3, 0xff, 0xff, 0xfc,
    0x0, 0x0, 0xf, 0xff, 0xff, 0xf0, 0x0, 0x0,
    0x3f, 0xff, 0xff, 0xc0, 0x0, 0x0, 0xff, 0xff,
    0xff, 0x0, 0x0, 0x3, 0xff, 0xff, 0xfc, 0x0,
    0x0, 0xf, 0xff, 0xff, 0xf0, 0x0, 0x0, 0x3f,
    0xff, 0xff, 0xc0, 0x0, 0x0, 0xff, 0xff, 0xff,
    0x0, 0x0, 0x3, 0xff, 0xff, 0xfc, 0x0, 0x0,
    0xf, 0xff, 0xff, 0xf0, 0x0, 0x0, 0x3f, 0xff,
    0xff, 0xc0, 0x0, 0x0, 0xff, 0xff, 0xff, 0x0,
    0x0, 0x3, 0xff, 0xff, 0xfc, 0x0, 0x0, 0xf,
    0xff, 0xff, 0xf0, 0x0, 0x0, 0x3f, 0xff, 0xff,
    0xc0, 0x0, 0x0, 0xff, 0xff, 0xff, 0x0, 0x0,
    0x3, 0xff, 0xff, 0xfc, 0x0, 0x0, 0xf, 0xff,
    0xff, 0xf0, 0x0, 0x0, 0x3f, 0xff, 0xff, 0xff,
    0xff, 0xff, 0xff, 0xff, 0xff, 0xff, 0xff, 0xff,
    0xff, 0xff, 0xff, 0xff, 0xff, 0xff, 0xff, 0xff,
    0xff, 0xff, 0xff, 0xff, 0xff, 0xff, 0xff, 0xff,
    0xff, 0xff, 0xff, 0xff, 0xff, 0xff, 0xff, 0xff,
    0xff, 0xff, 0xff, 0xff, 0xff, 0xff, 0xff, 0xff,
    0xff, 0xff, 0xff, 0xff, 0xff, 0xff, 0xff, 0xff,
    0xff, 0xff, 0xff, 0xff, 0xff, 0xff, 0xff, 0xff,
    0xff, 0xff, 0xff, 0xff, 0xff, 0xff, 0xf0, 0x0,
    0x0, 0x3f, 0xff, 0xff, 0xc0, 0x0, 0x0, 0xff,
    0xff, 0xff, 0x0, 0x0, 0x3, 0xff, 0xff, 0xfc,
    0x0, 0x0, 0xf, 0xff, 0xff, 0xf0, 0x0, 0x0,
    0x3f, 0xff, 0xff, 0xc0, 0x0, 0x0, 0xff, 0xff,
    0xff, 0x0, 0x0, 0x3, 0xff, 0xff, 0xfc, 0x0,
    0x0, 0xf, 0xff, 0xff, 0xf0, 0x0, 0x0, 0x3f,
    0xff, 0xff, 0xc0, 0x0, 0x0, 0xff, 0xff, 0xff,
    0x0, 0x0, 0x3, 0xff, 0xff, 0xf8, 0x0, 0x0,
    0xf, 0xfe, 0xff, 0xf0, 0x0, 0x0, 0x3f, 0xff,
    0xff, 0xc0, 0x0, 0x0, 0xff, 0xff, 0xff, 0x0,
    0x0, 0x3, 0xff, 0xff, 0xfc, 0x0, 0x0, 0xf,
    0xff, 0xff, 0xf0, 0x0, 0x0, 0x3f, 0xff, 0xff,
    0xc0, 0x0, 0x0, 0xff, 0xff, 0xff, 0x0, 0x0,
    0x3, 0xff, 0xff, 0xfc, 0x0, 0x0, 0xf, 0xff,
    0xff, 0xf0, 0x0, 0x0, 0x3f, 0xff, 0xff, 0xc0,
    0x0, 0x0, 0xff, 0xf7, 0xfe, 0x0, 0x0, 0x1,
    0xff, 0xbf, 0xfc, 0x0, 0x0, 0xf, 0xff, 0xff,
    0xf0, 0x0, 0x0, 0x3f, 0xff, 0xff, 0xc0, 0x0,
    0x0, 0xff, 0xff, 0xff, 0x0, 0x0, 0x3, 0xff,
    0xff, 0xfc, 0x0, 0x0, 0xf, 0xff, 0xff, 0xf0,
    0x0, 0x0, 0x3f, 0xff, 0xff, 0xc0, 0x0, 0x0,
    0xff, 0xff, 0xff, 0x0, 0x0, 0x3, 0xff, 0xff,
    0xfc, 0x0, 0x0, 0xf, 0xff, 0xff, 0xf0, 0x0,
    0x0, 0x3f, 0xff, 0xff, 0xc0, 0x0, 0x0, 0xff,
    0xf0,

    /* U+0049 "I" */
    0xff, 0xff, 0xff, 0xff, 0xff, 0xff, 0xff, 0xff,
    0xff, 0xff, 0xff, 0xff, 0xff, 0xff, 0xff, 0xff,
    0xff, 0xff, 0xff, 0xff, 0xff, 0xff, 0xff, 0xff,
    0xff, 0xff, 0xff, 0xff, 0xff, 0xff, 0xff, 0xff,
    0xff, 0xff, 0xff, 0xff, 0xff, 0xff, 0xff, 0xfe,
    0x0, 0xff, 0xf0, 0x0, 0x7, 0xff, 0x80, 0x0,
    0x3f, 0xfc, 0x0, 0x1, 0xff, 0xe0, 0x0, 0xf,
    0xff, 0x0, 0x0, 0x7f, 0xf8, 0x0, 0x3, 0xff,
    0xc0, 0x0, 0x1f, 0xfe, 0x0, 0x0, 0xff, 0xf0,
    0x0, 0x7, 0xff, 0x80, 0x0, 0x3f, 0xfc, 0x0,
    0x1, 0xff, 0xe0, 0x0, 0xf, 0xff, 0x0, 0x0,
    0x7f, 0xf8, 0x0, 0x3, 0xff, 0xc0, 0x0, 0x1f,
    0xfe, 0x0, 0x0, 0xff, 0xf0, 0x0, 0x7, 0xff,
    0x80, 0x0, 0x3f, 0xfc, 0x0, 0x1, 0xff, 0xe0,
    0x0, 0xf, 0xff, 0x0, 0x0, 0x7f, 0xf8, 0x0,
    0x1, 0xff, 0x80, 0x0, 0x1f, 0xfe, 0x0, 0x0,
    0xff, 0xf0, 0x0, 0x7, 0xff, 0x80, 0x0, 0x3f,
    0xfc, 0x0, 0x1, 0xff, 0xe0, 0x0, 0xf, 0xff,
    0x0, 0x0, 0x7f, 0xf8, 0x0, 0x3, 0xff, 0xc0,
    0x0, 0x1f, 0xfe, 0x0, 0x0, 0xff, 0xf0, 0x0,
    0x3, 0xff, 0x0, 0x0, 0x3f, 0xfc, 0x0, 0x1,
    0xff, 0xe0, 0x0, 0xf, 0xff, 0x0, 0x0, 0x7f,
    0xf8, 0x0, 0x3, 0xff, 0xc0, 0x0, 0x1f, 0xfe,
    0x0, 0x0, 0xff, 0xf0, 0x0, 0x7, 0xff, 0x80,
    0x0, 0x3f, 0xfc, 0x0, 0x1, 0xff, 0xe0, 0x0,
    0xf, 0xff, 0x0, 0x0, 0x7f, 0xf8, 0x0, 0x3,
    0xff, 0xc0, 0x0, 0x1f, 0xfe, 0x0, 0x0, 0xff,
    0xf0, 0x0, 0x7, 0xff, 0x80, 0x0, 0x3f, 0xfc,
    0x0, 0x1, 0xff, 0xe0, 0x0, 0xf, 0xff, 0x0,
    0x0, 0x7f, 0xf8, 0x0, 0x3, 0xff, 0xc0, 0x0,
    0x1f, 0xfe, 0x1, 0xff, 0xff, 0xff, 0xff, 0xff,
    0xff, 0xff, 0xff, 0xff, 0xff, 0xff, 0xff, 0xff,
    0xff, 0xff, 0xff, 0xff, 0xff, 0xff, 0xff, 0xff,
    0xff, 0xff, 0xff, 0xff, 0xff, 0xff, 0xff, 0xff,
    0xff, 0xff, 0xff, 0xff, 0xff, 0xff, 0xff, 0xff,
    0xff, 0xff, 0xfc,

    /* U+004A "J" */
    0x0, 0x3, 0xff, 0xff, 0xff, 0xe0, 0x0, 0x7f,
    0xff, 0xff, 0xfc, 0x0, 0xf, 0xff, 0xff, 0xff,
    0x80, 0x1, 0xff, 0xff, 0xff, 0xf0, 0x0, 0x3f,
    0xff, 0xff, 0xfe, 0x0, 0x7, 0xff, 0xff, 0xff,
    0xc0, 0x0, 0xff, 0xff, 0xff, 0xf8, 0x0, 0x1f,
    0xff, 0xff, 0xff, 0x0, 0x3, 0xff, 0xff, 0xff,
    0xe0, 0x0, 0x7f, 0xff, 0xff, 0xfc, 0x0, 0xf,
    0xff, 0xff, 0xff, 0x80, 0x0, 0x0, 0xff, 0xf0,
    0x0, 0x0, 0x0, 0x1f, 0xfe, 0x0, 0x0, 0x0,
    0x3, 0xff, 0xc0, 0x0, 0x0, 0x0, 0x7f, 0xf8,
    0x0, 0x0, 0x0, 0xf, 0xff, 0x0, 0x0, 0x0,
    0x1, 0xff, 0xe0, 0x0, 0x0, 0x0, 0x3f, 0xfc,
    0x0, 0x0, 0x0, 0x7, 0xff, 0x80, 0x0, 0x0,
    0x0, 0xff, 0xf0, 0x0, 0x0, 0x0, 0x1f, 0xfe,
    0x0, 0x0, 0x0, 0x3, 0xff, 0xc0, 0x0, 0x0,
    0x0, 0x7f, 0xf0, 0x0, 0x0, 0x0, 0xf, 0xff,
    0x0, 0x0, 0x0, 0x1, 0xff, 0xe0, 0x0, 0x0,
    0x0, 0x3f, 0xfc, 0x0, 0x0, 0x0, 0x7, 0xff,
    0x80, 0x0, 0x0, 0x0, 0xff, 0xf0, 0x0, 0x0,
    0x0, 0x1f, 0xfe, 0x0, 0x0, 0x0, 0x3, 0xff,
    0xc0, 0x0, 0x0, 0x0, 0x7f, 0xf8, 0x0, 0x0,
    0x0, 0xf, 0xff, 0x0, 0x0, 0x0, 0x1, 0xff,
    0xe0, 0x0, 0x0, 0x0, 0x3f, 0xf8, 0x0, 0x0,
    0x0, 0x7, 0xff, 0x80, 0x0, 0x0, 0x0, 0xff,
    0xf0, 0x0, 0x0, 0x0, 0x1f, 0xfe, 0x0, 0x0,
    0x0, 0x3, 0xff, 0xc0, 0x0, 0x0, 0x0, 0x7f,
    0xf8, 0x0, 0x0, 0x0, 0xf, 0xff, 0x0, 0x0,
    0x0, 0x1, 0xff, 0xe0, 0x0, 0x0, 0x0, 0x3f,
    0xfc, 0x0, 0x0, 0x0, 0x7, 0xff, 0x80, 0x0,
    0x0, 0x0, 0xff, 0xf0, 0x0, 0x0, 0x0, 0x1f,
    0xfc, 0x0, 0x0, 0x0, 0x3, 0xff, 0xc0, 0x0,
    0x0, 0x0, 0x7f, 0xf8, 0x0, 0x0, 0x0, 0xf,
    0xff, 0x0, 0x0, 0x0, 0x1, 0xff, 0xe0, 0x0,
    0x0, 0x0, 0x3f, 0xfc, 0x0, 0x0, 0x0, 0x7,
    0xff, 0x80, 0x0, 0x0, 0x0, 0xff, 0xf0, 0x0,
    0x0, 0x0, 0x1f, 0xfe, 0x0, 0x0, 0x0, 0x3,
    0xff, 0xc0, 0x0, 0x0, 0x0, 0x7f, 0xf8, 0x0,
    0x0, 0x0, 0xf, 0xff, 0x0, 0xff, 0xf0, 0x1,
    0xff, 0xe0, 0x1f, 0xfe, 0x0, 0x3f, 0xfc, 0x3,
    0xff, 0xc0, 0x7, 0xff, 0x80, 0x7f, 0xf8, 0x0,
    0xff, 0xf0, 0xf, 0xff, 0x0, 0x1f, 0xfe, 0x1,
    0xff, 0xe0, 0x3, 0xff, 0xc0, 0x3f, 0xfc, 0x0,
    0x7f, 0xf8, 0x7, 0xff, 0x80, 0xf, 0xff, 0x0,
    0xff, 0xf0, 0x1, 0xff, 0xe0, 0x1f, 0xfe, 0x0,
    0x3f, 0xfc, 0x3, 0xff, 0xc0, 0x7, 0xff, 0x80,
    0x3, 0xff, 0xff, 0xfc, 0x0, 0x0, 0x7f, 0xff,
    0xff, 0x80, 0x0, 0xf, 0xff, 0xff, 0xf0, 0x0,
    0x1, 0xff, 0xff, 0xfe, 0x0, 0x0, 0x3f, 0xff,
    0xff, 0xc0, 0x0, 0x7, 0xff, 0xff, 0xf8, 0x0,
    0x0, 0xff, 0xff, 0xff, 0x0, 0x0, 0x1f, 0xff,
    0xff, 0xe0, 0x0, 0x3, 0xff, 0xff, 0xfc, 0x0,
    0x0, 0x7f, 0xff, 0xff, 0x80, 0x0, 0xf, 0xff,
    0xff, 0xf0, 0x0, 0x0,

    /* U+004B "K" */
    0xff, 0xf0, 0x0, 0x0, 0x3f, 0xff, 0xff, 0xc0,
    0x0, 0x0, 0xff, 0xff, 0xff, 0x0, 0x0, 0x3,
    0xff, 0xff, 0xfc, 0x0, 0x0, 0xf, 0xff, 0xff,
    0xf0, 0x0, 0x0, 0x3f, 0xff, 0xff, 0xc0, 0x0,
    0x0, 0xff, 0xff, 0xff, 0x0, 0x0, 0x3, 0xff,
    0xff, 0xfc, 0x0, 0x0, 0xf, 0xff, 0xff, 0xf0,
    0x0, 0x0, 0x3f, 0xff, 0xff, 0xc0, 0x0, 0x0,
    0xff, 0xff, 0xff, 0x0, 0x0, 0x3, 0xff, 0xff,
    0xfc, 0x0, 0x0, 0xff, 0xf0, 0xff, 0xf0, 0x0,
    0x3, 0xff, 0xc3, 0xff, 0xc0, 0x0, 0xf, 0xff,
    0xf, 0xff, 0x0, 0x0, 0x3f, 0xfc, 0x3f, 0xfc,
    0x0, 0x0, 0xff, 0xf0, 0xff, 0xf0, 0x0, 0x3,
    0xff, 0xc3, 0xff, 0xc0, 0x0, 0xf, 0xff, 0xf,
    0xff, 0x0, 0x0, 0x3f, 0xfc, 0x3f, 0xfc, 0x0,
    0x0, 0xff, 0xf0, 0xff, 0xf0, 0x0, 0x3, 0xff,
    0xc3, 0xff, 0xc0, 0x0, 0xf, 0xff, 0xf, 0xff,
    0x0, 0x7f, 0xf8, 0x0, 0x3f, 0xfc, 0x1, 0xff,
    0xe0, 0x0, 0xff, 0xf0, 0x7, 0xff, 0x80, 0x3,
    0xff, 0xc0, 0x1f, 0xfe, 0x0, 0xf, 0xff, 0x0,
    0x7f, 0xf8, 0x0, 0x3f, 0xfc, 0x1, 0xff, 0xe0,
    0x0, 0xff, 0xf0, 0x7, 0xff, 0x80, 0x3, 0xff,
    0xc0, 0x1f, 0xfe, 0x0, 0xf, 0xff, 0x0, 0x7f,
    0xf8, 0x0, 0x3f, 0xfc, 0x1, 0xff, 0xe0, 0x0,
    0xff, 0xf0, 0x7, 0xff, 0x80, 0x3, 0xff, 0xff,
    0xff, 0x0, 0x0, 0xf, 0xff, 0xff, 0xfc, 0x0,
    0x0, 0x3f, 0xff, 0xff, 0xf0, 0x0, 0x0, 0xff,
    0xff, 0xff, 0xc0, 0x0, 0x3, 0xff, 0xff, 0xff,
    0x0, 0x0, 0xf, 0xff, 0xff, 0xfc, 0x0, 0x0,
    0x3f, 0xff, 0xff, 0xf0, 0x0, 0x0, 0xff, 0xff,
    0xff, 0xc0, 0x0, 0x3, 0xff, 0xff, 0xff, 0x0,
    0x0, 0xf, 0xff, 0xff, 0xfc, 0x0, 0x0, 0x3f,
    0xff, 0xff, 0xf0, 0x0, 0x0, 0xff, 0xf0, 0x7,
    0xff, 0x80, 0x3, 0xff, 0xc0, 0x1f, 0xfe, 0x0,
    0xf, 0xff, 0x0, 0x7f, 0xf8, 0x0, 0x3f, 0xfc,
    0x1, 0xff, 0xe0, 0x0, 0xff, 0xf0, 0x7, 0xff,
    0x80, 0x3, 0xff, 0xc0, 0x1f, 0xfe, 0x0, 0xf,
    0xff, 0x0, 0x7f, 0xf8, 0x0, 0x3f, 0xfc, 0x1,
    0xff, 0xe0, 0x0, 0xff, 0xf0, 0x7, 0xff, 0x80,
    0x3, 0xff, 0xc0, 0x1f, 0xfe, 0x0, 0xf, 0xff,
    0x0, 0x7f, 0xf8, 0x0, 0x3f, 0xfc, 0x0, 0x0,
    0xe0, 0x0, 0xff, 0xf0, 0x0, 0x3, 0xff, 0xc3,
    0xff, 0xc0, 0x0, 0xf, 0xff, 0xf, 0xff, 0x0,
    0x0, 0x3f, 0xfc, 0x3f, 0xfc, 0x0, 0x0, 0xff,
    0xf0, 0xff, 0xf0, 0x0, 0x3, 0xff, 0xc3, 0xff,
    0xc0, 0x0, 0xf, 0xff, 0xf, 0xff, 0x0, 0x0,
    0x3f, 0xfc, 0x3f, 0xfc, 0x0, 0x0, 0xff, 0xf0,
    0xff, 0xf0, 0x0, 0x3, 0xff, 0xc3, 0xff, 0xc0,
    0x0, 0xf, 0xff, 0xf, 0xff, 0x0, 0x0, 0x3f,
    0xfc, 0x3f, 0xfc, 0x0, 0x0, 0xf, 0xff, 0xff,
    0xf0, 0x0, 0x0, 0x3f, 0xff, 0xff, 0xc0, 0x0,
    0x0, 0xff, 0xff, 0xff, 0x0, 0x0, 0x3, 0xff,
    0xff, 0xfc, 0x0, 0x0, 0xf, 0xff, 0xff, 0xf0,
    0x0, 0x0, 0x3f, 0xff, 0xff, 0xc0, 0x0, 0x0,
    0xff, 0xff, 0xff, 0x0, 0x0, 0x3, 0xff, 0xff,
    0xfc, 0x0, 0x0, 0xf, 0xff, 0xff, 0xf0, 0x0,
    0x0, 0x3f, 0xff, 0xff, 0xc0, 0x0, 0x0, 0xff,
    0xf0,

    /* U+004C "L" */
    0xff, 0xf0, 0x0, 0x0, 0x0, 0x7f, 0xf8, 0x0,
    0x0, 0x0, 0x3f, 0xfc, 0x0, 0x0, 0x0, 0x1f,
    0xfe, 0x0, 0x0, 0x0, 0xf, 0xff, 0x0, 0x0,
    0x0, 0x7, 0xff, 0x80, 0x0, 0x0, 0x3, 0xff,
    0xc0, 0x0, 0x0, 0x1, 0xff, 0xe0, 0x0, 0x0,
    0x0, 0xff, 0xf0, 0x0, 0x0, 0x0, 0x7f, 0xf8,
    0x0, 0x0, 0x0, 0x3f, 0xfc, 0x0, 0x0, 0x0,
    0x1f, 0xfe, 0x0, 0x0, 0x0, 0xf, 0xff, 0x0,
    0x0, 0x0, 0x7, 0xff, 0x80, 0x0, 0x0, 0x3,
    0xff, 0xc0, 0x0, 0x0, 0x1, 0xff, 0xe0, 0x0,
    0x0, 0x0, 0xff, 0xf0, 0x0, 0x0, 0x0, 0x7f,
    0xf8, 0x0, 0x0, 0x0, 0x3f, 0xfc, 0x0, 0x0,
    0x0, 0x1f, 0xfe, 0x0, 0x0, 0x0, 0xf, 0xff,
    0x0, 0x0, 0x0, 0x7, 0xff, 0x80, 0x0, 0x0,
    0x3, 0xff, 0x80, 0x0, 0x0, 0x1, 0xff, 0xe0,
    0x0, 0x0, 0x0, 0xff, 0xf0, 0x0, 0x0, 0x0,
    0x7f, 0xf8, 0x0, 0x0, 0x0, 0x3f, 0xfc, 0x0,
    0x0, 0x0, 0x1f, 0xfe, 0x0, 0x0, 0x0, 0xf,
    0xff, 0x0, 0x0, 0x0, 0x7, 0xff, 0x80, 0x0,
    0x0, 0x3, 0xff, 0xc0, 0x0, 0x0, 0x1, 0xff,
    0xe0, 0x0, 0x0, 0x0, 0xff, 0xf0, 0x0, 0x0,
    0x0, 0x3f, 0xf0, 0x0, 0x0, 0x0, 0x3f, 0xfc,
    0x0, 0x0, 0x0, 0x1f, 0xfe, 0x0, 0x0, 0x0,
    0xf, 0xff, 0x0, 0x0, 0x0, 0x7, 0xff, 0x80,
    0x0, 0x0, 0x3, 0xff, 0xc0, 0x0, 0x0, 0x1,
    0xff, 0xe0, 0x0, 0x0, 0x0, 0xff, 0xf0, 0x0,
    0x0, 0x0, 0x7f, 0xf8, 0x0, 0x0, 0x0, 0x3f,
    0xfc, 0x0, 0x0, 0x0, 0x1f, 0xfe, 0x0, 0x0,
    0x0, 0x7, 0xfe, 0x0, 0x0, 0x0, 0x7, 0xff,
    0x80, 0x0, 0x0, 0x3, 0xff, 0xc0, 0x0, 0x0,
    0x1, 0xff, 0xe0, 0x0, 0x0, 0x0, 0xff, 0xf0,
    0x0, 0x0, 0x0, 0x7f, 0xf8, 0x0, 0x0, 0x0,
    0x3f, 0xfc, 0x0, 0x0, 0x0, 0x1f, 0xfe, 0x0,
    0x0, 0x0, 0xf, 0xff, 0x0, 0x0, 0x0, 0x7,
    0xff, 0x80, 0x0, 0x0, 0x3, 0xff, 0xc0, 0x0,
    0x0, 0x1, 0xff, 0xe0, 0x0, 0x0, 0x0, 0xff,
    0xf0, 0x0, 0x0, 0x0, 0x7f, 0xf8, 0x0, 0x0,
    0x0, 0x3f, 0xfc, 0x0, 0x0, 0x0, 0x1f, 0xfe,
    0x0, 0x0, 0x0, 0xf, 0xff, 0x0, 0x0, 0x0,
    0x7, 0xff, 0x80, 0x0, 0x0, 0x3, 0xff, 0xc0,
    0x0, 0x0, 0x1, 0xff, 0xe0, 0x0, 0x0, 0x0,
    0xff, 0xf0, 0x0, 0x0, 0x0, 0x7f, 0xf8, 0x0,
    0x0, 0x0, 0x3f, 0xfc, 0x0, 0x0, 0x0, 0x1f,
    0xff, 0xff, 0xff, 0xff, 0xef, 0xff, 0xff, 0xff,
    0xff, 0xf7, 0xff, 0xff, 0xff, 0xff, 0xfb, 0xff,
    0xff, 0xff, 0xff, 0xfd, 0xff, 0xff, 0xff, 0xff,
    0xfe, 0xff, 0xff, 0xff, 0xff, 0xff, 0xff, 0xff,
    0xff, 0xff, 0xff, 0xbf, 0xff, 0xff, 0xff, 0xff,
    0xdf, 0xff, 0xff, 0xff, 0xff, 0xef, 0xff, 0xff,
    0xff, 0xff, 0xf7, 0xff, 0xff, 0xff, 0xff, 0xf8,

    /* U+004D "M" */
    0xff, 0xfe, 0x0, 0x1, 0xff, 0xff, 0xff, 0xf8,
    0x0, 0x7, 0xff, 0xff, 0xff, 0xe0, 0x0, 0x1f,
    0xff, 0xff, 0xff, 0x80, 0x0, 0x7f, 0xff, 0xff,
    0xfe, 0x0, 0x1, 0xff, 0xff, 0xff, 0xf8, 0x0,
    0x7, 0xff, 0xff, 0xff, 0xe0, 0x0, 0x1f, 0xff,
    0xff, 0xff, 0x80, 0x0, 0x7f, 0xff, 0xff, 0xfe,
    0x0, 0x1, 0xff, 0xff, 0xff, 0xf8, 0x0, 0x7,
    0xff, 0xff, 0xff, 0xe0, 0x0, 0x1f, 0xff, 0xff,
    0xff, 0xf8, 0x7, 0xff, 0xff, 0xff, 0xff, 0xe0,
    0x1f, 0xff, 0xff, 0xff, 0xff, 0x80, 0x7f, 0xff,
    0xff, 0xff, 0xfe, 0x1, 0xff, 0xff, 0xff, 0xff,
    0xf8, 0x7, 0xff, 0xff, 0xff, 0xff, 0xe0, 0x1f,
    0xff, 0xff, 0xff, 0xff, 0x80, 0x7f, 0xff, 0xff,
    0xff, 0xfe, 0x1, 0xff, 0xff, 0xff, 0xff, 0xf8,
    0x7, 0xff, 0xff, 0xff, 0xff, 0xe0, 0x1f, 0xff,
    0xff, 0xff, 0xff, 0x80, 0x7f, 0xff, 0xff, 0xff,
    0x1f, 0x87, 0xe3, 0xff, 0xff, 0xfc, 0x7e, 0x1f,
    0x8f, 0xff, 0xff, 0xf1, 0xf8, 0x7e, 0x3f, 0xff,
    0xff, 0xc7, 0xe1, 0xf8, 0xff, 0xff, 0xff, 0x1f,
    0x87, 0xe3, 0xff, 0xff, 0xfc, 0x7e, 0x1f, 0x8f,
    0xff, 0xff, 0xf1, 0xf8, 0x7e, 0x3f, 0xff, 0xff,
    0xc7, 0xe1, 0xf8, 0xff, 0xff, 0xff, 0x1f, 0x87,
    0xe3, 0xff, 0xff, 0xfc, 0x7e, 0x1f, 0x8f, 0xff,
    0xff, 0xf1, 0xf8, 0x7e, 0x3f, 0xff, 0xff, 0xc7,
    0xff, 0xf8, 0xff, 0xff, 0xff, 0x1f, 0xff, 0xe3,
    0xff, 0xff, 0xfc, 0x7f, 0xff, 0x8f, 0xff, 0xff,
    0xf1, 0xff, 0xfe, 0x3f, 0xff, 0xff, 0xc7, 0xff,
    0xf8, 0xff, 0xff, 0xff, 0x1f, 0xff, 0xe3, 0xff,
    0xff, 0xfc, 0x7f, 0xff, 0x8f, 0xff, 0xff, 0xf1,
    0xff, 0xfe, 0x3f, 0xff, 0xff, 0xc7, 0xff, 0xf8,
    0xff, 0xff, 0xff, 0x1f, 0xff, 0xe3, 0xff, 0xff,
    0xfc, 0x7f, 0xff, 0x8f, 0xff, 0xff, 0xf0, 0x3f,
    0xf0, 0x3f, 0xff, 0xff, 0xc0, 0xff, 0xc0, 0xff,
    0xff, 0xff, 0x3, 0xff, 0x3, 0xff, 0xff, 0xfc,
    0xf, 0xfc, 0xf, 0xff, 0xff, 0xf0, 0x3f, 0xf0,
    0x3f, 0xff, 0xff, 0xc0, 0xff, 0xc0, 0xff, 0xff,
    0xff, 0x3, 0xff, 0x3, 0xff, 0xff, 0xfc, 0xf,
    0xfc, 0xf, 0xff, 0xff, 0xf0, 0x3f, 0xf0, 0x3f,
    0xff, 0xff, 0xc0, 0xff, 0xc0, 0xff, 0xff, 0xff,
    0x3, 0xff, 0x3, 0xff, 0xff, 0xfc, 0xf, 0xfc,
    0xf, 0xff, 0xff, 0xf0, 0x3f, 0xf0, 0x3f, 0xff,
    0xff, 0xc0, 0xff, 0xc0, 0xff, 0xff, 0xff, 0x3,
    0xff, 0x3, 0xff, 0xff, 0xfc, 0xf, 0xfc, 0xf,
    0xff, 0xff, 0xf0, 0x3f, 0xf0, 0x3f, 0xff, 0xff,
    0xc0, 0xff, 0xc0, 0xff, 0xff, 0xff, 0x3, 0xff,
    0x3, 0xff, 0xff, 0xfc, 0xf, 0xfc, 0xf, 0xff,
    0xff, 0xf0, 0x3f, 0xf0, 0x3f, 0xff, 0xff, 0xc0,
    0xff, 0xc0, 0xff, 0xff, 0xff, 0x0, 0x0, 0x3,
    0xff, 0xff, 0xfc, 0x0, 0x0, 0xf, 0xff, 0xff,
    0xf0, 0x0, 0x0, 0x3f, 0xff, 0xff, 0xc0, 0x0,
    0x0, 0xff, 0xff, 0xff, 0x0, 0x0, 0x3, 0xff,
    0xff, 0xfc, 0x0, 0x0, 0xf, 0xff, 0xff, 0xf0,
    0x0, 0x0, 0x3f, 0xff, 0xff, 0xc0, 0x0, 0x0,
    0xff, 0xff, 0xff, 0x0, 0x0, 0x3, 0xff, 0xff,
    0xfc, 0x0, 0x0, 0xf, 0xff, 0xff, 0xf0, 0x0,
    0x0, 0x3f, 0xff, 0xff, 0xc0, 0x0, 0x0, 0xff,
    0xf0,

    /* U+004E "N" */
    0xff, 0xfe, 0x0, 0x0, 0x3f, 0xff, 0xff, 0xf8,
    0x0, 0x0, 0xff, 0xff, 0xff, 0xe0, 0x0, 0x3,
    0xff, 0xff, 0xff, 0x80, 0x0, 0xf, 0xff, 0xff,
    0xfe, 0x0, 0x0, 0x3f, 0xff, 0xff, 0xf8, 0x0,
    0x0, 0xff, 0xff, 0xff, 0xe0, 0x0, 0x3, 0xff,
    0xff, 0xff, 0x80, 0x0, 0xf, 0xff, 0xff, 0xfe,
    0x0, 0x0, 0x3f, 0xff, 0xff, 0xf8, 0x0, 0x0,
    0xff, 0xff, 0xff, 0xe0, 0x0, 0x3, 0xff, 0xff,
    0xff, 0xf8, 0x0, 0xf, 0xff, 0xff, 0xff, 0xe0,
    0x0, 0x3f, 0xff, 0xff, 0xff, 0x80, 0x0, 0xff,
    0xff, 0xff, 0xfe, 0x0, 0x3, 0xff, 0xff, 0xff,
    0xf8, 0x0, 0xf, 0xff, 0xff, 0xff, 0xe0, 0x0,
    0x3f, 0xff, 0xff, 0xff, 0x80, 0x0, 0xff, 0xff,
    0xff, 0xfe, 0x0, 0x3, 0xff, 0xff, 0xff, 0xf8,
    0x0, 0xf, 0xff, 0xff, 0xff, 0xe0, 0x0, 0x3f,
    0xff, 0xff, 0xff, 0x80, 0x0, 0xff, 0xff, 0xff,
    0xff, 0xe0, 0x3, 0xff, 0xff, 0xff, 0xff, 0xc0,
    0xf, 0xff, 0xff, 0xff, 0xff, 0x0, 0x3f, 0xff,
    0xff, 0xff, 0xfc, 0x0, 0xff, 0xff, 0xff, 0xff,
    0xf0, 0x3, 0xff, 0xff, 0xff, 0xff, 0xc0, 0xf,
    0xff, 0xff, 0xff, 0xff, 0x0, 0x3f, 0xff, 0xff,
    0xff, 0xfc, 0x0, 0xff, 0xff, 0xff, 0xff, 0xf0,
    0x3, 0xff, 0xff, 0xff, 0xff, 0xc0, 0xf, 0xff,
    0xff, 0xff, 0xfe, 0x0, 0x3f, 0xff, 0xff, 0xc1,
    0xff, 0xe0, 0xff, 0xff, 0xff, 0x7, 0xff, 0x83,
    0xff, 0xff, 0xfc, 0x1f, 0xfe, 0xf, 0xff, 0xff,
    0xf0, 0x7f, 0xf8, 0x3f, 0xff, 0xff, 0xc1, 0xff,
    0xe0, 0xff, 0xff, 0xff, 0x7, 0xff, 0x83, 0xff,
    0xff, 0xfc, 0x1f, 0xfe, 0xf, 0xff, 0xff, 0xf0,
    0x7f, 0xf8, 0x3f, 0xff, 0xff, 0xc1, 0xff, 0xe0,
    0xff, 0xff, 0xff, 0x7, 0xff, 0x83, 0xff, 0xff,
    0xfc, 0x1f, 0xfe, 0xf, 0xff, 0xff, 0xf0, 0x1,
    0xf8, 0x3f, 0xff, 0xff, 0xc0, 0xf, 0xff, 0xff,
    0xff, 0xff, 0x0, 0x3f, 0xff, 0xff, 0xff, 0xfc,
    0x0, 0xff, 0xff, 0xff, 0xff, 0xf0, 0x3, 0xff,
    0xff, 0xff, 0xff, 0xc0, 0xf, 0xff, 0xff, 0xff,
    0xff, 0x0, 0x3f, 0xff, 0xff, 0xff, 0xfc, 0x0,
    0xff, 0xff, 0xff, 0xff, 0xf0, 0x3, 0xff, 0xff,
    0xff, 0xff, 0xc0, 0xf, 0xff, 0xff, 0xff, 0xff,
    0x0, 0x1f, 0xff, 0xff, 0xff, 0xfc, 0x0, 0x7,
    0xff, 0xff, 0xff, 0xf0, 0x0, 0x1f, 0xff, 0xff,
    0xff, 0xc0, 0x0, 0x7f, 0xff, 0xff, 0xff, 0x0,
    0x1, 0xff, 0xff, 0xff, 0xfc, 0x0, 0x7, 0xff,
    0xff, 0xff, 0xf0, 0x0, 0x1f, 0xff, 0xff, 0xff,
    0xc0, 0x0, 0x7f, 0xff, 0xff, 0xff, 0x0, 0x1,
    0xff, 0xff, 0xff, 0xfc, 0x0, 0x7, 0xff, 0xff,
    0xff, 0xf0, 0x0, 0x1f, 0xff, 0xff, 0xff, 0xc0,
    0x0, 0x7f, 0xff, 0xff, 0xff, 0x0, 0x1, 0xff,
    0xff, 0xff, 0xfc, 0x0, 0x0, 0xf, 0xff, 0xff,
    0xf0, 0x0, 0x0, 0x3f, 0xff, 0xff, 0xc0, 0x0,
    0x0, 0xff, 0xff, 0xff, 0x0, 0x0, 0x3, 0xff,
    0xff, 0xfc, 0x0, 0x0, 0xf, 0xff, 0xff, 0xf0,
    0x0, 0x0, 0x3f, 0xff, 0xff, 0xc0, 0x0, 0x0,
    0xff, 0xff, 0xff, 0x0, 0x0, 0x3, 0xff, 0xff,
    0xfc, 0x0, 0x0, 0xf, 0xff, 0xff, 0xf0, 0x0,
    0x0, 0x3f, 0xff, 0xff, 0xc0, 0x0, 0x0, 0xff,
    0xf0,

    /* U+004F "O" */
    0x0, 0x1f, 0xff, 0xff, 0xe0, 0x0, 0x0, 0x7f,
    0xff, 0xff, 0x80, 0x0, 0x1, 0xff, 0xff, 0xfe,
    0x0, 0x0, 0x7, 0xff, 0xff, 0xf8, 0x0, 0x0,
    0x1f, 0xff, 0xff, 0xe0, 0x0, 0x0, 0x7f, 0xff,
    0xff, 0x80, 0x0, 0x1, 0xff, 0xff, 0xfe, 0x0,
    0x0, 0x7, 0xff, 0xff, 0xf8, 0x0, 0x0, 0x1f,
    0xff, 0xff, 0xe0, 0x0, 0x0, 0x7f, 0xff, 0xff,
    0x80, 0x0, 0x1, 0xff, 0xff, 0xfe, 0x0, 0x3,
    0xff, 0xc0, 0x0, 0xff, 0xf0, 0xf, 0xff, 0x0,
    0x3, 0xff, 0xc0, 0x3f, 0xfc, 0x0, 0xf, 0xff,
    0x0, 0xff, 0xf0, 0x0, 0x3f, 0xfc, 0x3, 0xff,
    0xc0, 0x0, 0xff, 0xf0, 0xf, 0xff, 0x0, 0x3,
    0xff, 0xc0, 0x3f, 0xfc, 0x0, 0xf, 0xff, 0x0,
    0xff, 0xf0, 0x0, 0x3f, 0xfc, 0x3, 0xff, 0xc0,
    0x0, 0xff, 0xf0, 0xf, 0xff, 0x0, 0x3, 0xff,
    0xc0, 0x3f, 0xfc, 0x0, 0xf, 0xff, 0xf, 0xff,
    0x0, 0x0, 0x3, 0xff, 0xff, 0xfc, 0x0, 0x0,
    0xf, 0xff, 0xff, 0xf0, 0x0, 0x0, 0x3f, 0xff,
    0xff, 0xc0, 0x0, 0x0, 0xff, 0xff, 0xff, 0x0,
    0x0, 0x3, 0xff, 0xff, 0xfc, 0x0, 0x0, 0xf,
    0xff, 0xff, 0xf0, 0x0, 0x0, 0x3f, 0xff, 0xff,
    0xc0, 0x0, 0x0, 0xff, 0xff, 0xff, 0x0, 0x0,
    0x3, 0xff, 0xff, 0xfc, 0x0, 0x0, 0xf, 0xff,
    0xff, 0xf0, 0x0, 0x0, 0x3f, 0xff, 0xff, 0xc0,
    0x0, 0x0, 0xff, 0xff, 0xff, 0x0, 0x0, 0x3,
    0xff, 0xff, 0xfc, 0x0, 0x0, 0xf, 0xff, 0xff,
    0xf0, 0x0, 0x0, 0x3f, 0xff, 0xff, 0xc0, 0x0,
    0x0, 0xff, 0xff, 0xff, 0x0, 0x0, 0x3, 0xff,
    0xff, 0xfc, 0x0, 0x0, 0xf, 0xff, 0xff, 0xf0,
    0x0, 0x0, 0x3f, 0xff, 0xff, 0xc0, 0x0, 0x0,
    0xff, 0xff, 0xff, 0x0, 0x0, 0x3, 0xff, 0xff,
    0xfc, 0x0, 0x0, 0xf, 0xff, 0xff, 0xf0, 0x0,
    0x0, 0x3f, 0xff, 0xff, 0xc0, 0x0, 0x0, 0xff,
    0xff, 0xff, 0x0, 0x0, 0x3, 0xff, 0xff, 0xfc,
    0x0, 0x0, 0xf, 0xff, 0xff, 0xf0, 0x0, 0x0,
    0x3f, 0xff, 0xff, 0xc0, 0x0, 0x0, 0xff, 0xff,
    0xff, 0x0, 0x0, 0x3, 0xff, 0xff, 0xfc, 0x0,
    0x0, 0xf, 0xff, 0xff, 0xf0, 0x0, 0x0, 0x3f,
    0xff, 0xff, 0xc0, 0x0, 0x0, 0xff, 0xff, 0xff,
    0x0, 0x0, 0x3, 0xff, 0xc3, 0xff, 0xc0, 0x0,
    0xff, 0xf0, 0xf, 0xff, 0x0, 0x3, 0xff, 0xc0,
    0x3f, 0xfc, 0x0, 0xf, 0xff, 0x0, 0xff, 0xf0,
    0x0, 0x3f, 0xfc, 0x3, 0xff, 0xc0, 0x0, 0xff,
    0xf0, 0xf, 0xff, 0x0, 0x3, 0xff, 0xc0, 0x3f,
    0xfc, 0x0, 0xf, 0xff, 0x0, 0xff, 0xf0, 0x0,
    0x3f, 0xfc, 0x3, 0xff, 0xc0, 0x0, 0xff, 0xf0,
    0xf, 0xff, 0x0, 0x3, 0xff, 0xc0, 0x3f, 0xfc,
    0x0, 0xf, 0xff, 0x0, 0xff, 0xf0, 0x0, 0x3f,
    0xfc, 0x0, 0x7, 0xff, 0xff, 0xf8, 0x0, 0x0,
    0x1f, 0xff, 0xff, 0xe0, 0x0, 0x0, 0x7f, 0xff,
    0xff, 0x80, 0x0, 0x1, 0xff, 0xff, 0xfe, 0x0,
    0x0, 0x7, 0xff, 0xff, 0xf8, 0x0, 0x0, 0x1f,
    0xff, 0xff, 0xe0, 0x0, 0x0, 0x7f, 0xff, 0xff,
    0x80, 0x0, 0x1, 0xff, 0xff, 0xfe, 0x0, 0x0,
    0x7, 0xff, 0xff, 0xf8, 0x0, 0x0, 0x1f, 0xff,
    0xff, 0xe0, 0x0, 0x0, 0x7f, 0xff, 0xff, 0x80,
    0x0,

    /* U+0050 "P" */
    0xff, 0xff, 0xff, 0xff, 0xff, 0x3, 0xff, 0xff,
    0xff, 0xff, 0xfc, 0xf, 0xff, 0xff, 0xff, 0xff,
    0xf0, 0x3f, 0xff, 0xff, 0xff, 0xff, 0xc0, 0xff,
    0xff, 0xff, 0xff, 0xff, 0x83, 0xff, 0xff, 0xff,
    0xff, 0xfe, 0xf, 0xff, 0xff, 0xff, 0xff, 0xf8,
    0x3f, 0xff, 0xff, 0xff, 0xff, 0xc0, 0xff, 0xff,
    0xff, 0xff, 0xff, 0x3, 0xff, 0xff, 0xff, 0xff,
    0xfc, 0xf, 0xff, 0xff, 0xff, 0xff, 0xf0, 0x3f,
    0xfc, 0x0, 0x0, 0xf, 0xff, 0xff, 0xf0, 0x0,
    0x0, 0x3f, 0xff, 0xff, 0xc0, 0x0, 0x0, 0xff,
    0xff, 0xff, 0x0, 0x0, 0x3, 0xff, 0xff, 0xfc,
    0x0, 0x0, 0xf, 0xff, 0xff, 0xf0, 0x0, 0x0,
    0x3f, 0xff, 0xff, 0xc0, 0x0, 0x0, 0xff, 0xff,
    0xff, 0x0, 0x0, 0x3, 0xff, 0xff, 0xfc, 0x0,
    0x0, 0xf, 0xff, 0xff, 0xf0, 0x0, 0x0, 0x3f,
    0xff, 0xff, 0xc0, 0x0, 0x0, 0xff, 0xff, 0xff,
    0x0, 0x0, 0x3, 0xff, 0xff, 0xfc, 0x0, 0x0,
    0xf, 0xff, 0xff, 0xf0, 0x0, 0x0, 0x3f, 0xff,
    0xff, 0xc0, 0x0, 0x0, 0xff, 0xff, 0xff, 0x0,
    0x0, 0x3, 0xff, 0xff, 0xfc, 0x0, 0x0, 0xf,
    0xff, 0xff, 0xf0, 0x0, 0x0, 0x3f, 0xff, 0xff,
    0xc0, 0x0, 0x0, 0xff, 0xff, 0xff, 0x0, 0x0,
    0x3, 0xff, 0xff, 0xfc, 0x0, 0x0, 0xf, 0xff,
    0xff, 0xf0, 0x0, 0x0, 0x3f, 0xff, 0xff, 0xff,
    0xff, 0xff, 0xfc, 0xf, 0xff, 0xff, 0xff, 0xff,
    0xf0, 0x3f, 0xff, 0xff, 0xff, 0xff, 0xc0, 0xff,
    0xff, 0xff, 0xff, 0xff, 0x3, 0xff, 0xff, 0xff,
    0xff, 0xfe, 0xf, 0xff, 0xff, 0xff, 0xff, 0xf8,
    0x3f, 0xff, 0xff, 0xff, 0xff, 0xe0, 0xff, 0xff,
    0xff, 0xff, 0xff, 0x3, 0xff, 0xff, 0xff, 0xff,
    0xfc, 0xf, 0xff, 0xff, 0xff, 0xff, 0xf0, 0x3f,
    0xff, 0xff, 0xff, 0xff, 0xc0, 0xff, 0xf0, 0x0,
    0x0, 0x0, 0x3, 0xff, 0xc0, 0x0, 0x0, 0x0,
    0xf, 0xff, 0x0, 0x0, 0x0, 0x0, 0x3f, 0xfc,
    0x0, 0x0, 0x0, 0x0, 0xff, 0xf0, 0x0, 0x0,
    0x0, 0x3, 0xff, 0xc0, 0x0, 0x0, 0x0, 0xf,
    0xff, 0x0, 0x0, 0x0, 0x0, 0x3f, 0xfc, 0x0,
    0x0, 0x0, 0x0, 0xff, 0xf0, 0x0, 0x0, 0x0,
    0x3, 0xff, 0xc0, 0x0, 0x0, 0x0, 0xf, 0xff,
    0x0, 0x0, 0x0, 0x0, 0x3f, 0xf8, 0x0, 0x0,
    0x0, 0x0, 0xff, 0xf0, 0x0, 0x0, 0x0, 0x3,
    0xff, 0xc0, 0x0, 0x0, 0x0, 0xf, 0xff, 0x0,
    0x0, 0x0, 0x0, 0x3f, 0xfc, 0x0, 0x0, 0x0,
    0x0, 0xff, 0xf0, 0x0, 0x0, 0x0, 0x3, 0xff,
    0xc0, 0x0, 0x0, 0x0, 0xf, 0xff, 0x0, 0x0,
    0x0, 0x0, 0x3f, 0xfc, 0x0, 0x0, 0x0, 0x0,
    0xff, 0xf0, 0x0, 0x0, 0x0, 0x3, 0xff, 0xc0,
    0x0, 0x0, 0x0, 0x7, 0xfe, 0x0, 0x0, 0x0,
    0x0, 0x3f, 0xfc, 0x0, 0x0, 0x0, 0x0, 0xff,
    0xf0, 0x0, 0x0, 0x0, 0x3, 0xff, 0xc0, 0x0,
    0x0, 0x0, 0xf, 0xff, 0x0, 0x0, 0x0, 0x0,
    0x3f, 0xfc, 0x0, 0x0, 0x0, 0x0, 0xff, 0xf0,
    0x0, 0x0, 0x0, 0x3, 0xff, 0xc0, 0x0, 0x0,
    0x0, 0xf, 0xff, 0x0, 0x0, 0x0, 0x0, 0x3f,
    0xfc, 0x0, 0x0, 0x0, 0x0, 0xff, 0xf0, 0x0,
    0x0, 0x0, 0x3, 0xff, 0xc0, 0x0, 0x0, 0x0,
    0x0,

    /* U+0051 "Q" */
    0x0, 0x1f, 0xff, 0xff, 0xe0, 0x0, 0x0, 0x7f,
    0xff, 0xff, 0x80, 0x0, 0x1, 0xff, 0xff, 0xfe,
    0x0, 0x0, 0x7, 0xff, 0xff, 0xf8, 0x0, 0x0,
    0x1f, 0xff, 0xff, 0xe0, 0x0, 0x0, 0x7f, 0xff,
    0xff, 0x80, 0x0, 0x1, 0xff, 0xff, 0xfe, 0x0,
    0x0, 0x7, 0xff, 0xff, 0xf8, 0x0, 0x0, 0x1f,
    0xff, 0xff, 0xe0, 0x0, 0x0, 0x7f, 0xff, 0xff,
    0x80, 0x0, 0xff, 0xff, 0xff, 0xff, 0xf8, 0x3,
    0xff, 0xc0, 0x0, 0xff, 0xf0, 0xf, 0xff, 0x0,
    0x3, 0xff, 0xc0, 0x3f, 0xfc, 0x0, 0xf, 0xff,
    0x0, 0xff, 0xf0, 0x0, 0x3f, 0xfc, 0x3, 0xff,
    0xc0, 0x0, 0xff, 0xf0, 0xf, 0xff, 0x0, 0x3,
    0xff, 0xc0, 0x3f, 0xfc, 0x0, 0xf, 0xff, 0x0,
    0xff, 0xf0, 0x0, 0x3f, 0xfc, 0x3, 0xff, 0xc0,
    0x0, 0xff, 0xf0, 0xf, 0xff, 0x0, 0x3, 0xff,
    0xc0, 0x3f, 0xfc, 0x0, 0xf, 0xfe, 0xf, 0xff,
    0x0, 0x0, 0x3, 0xff, 0xff, 0xfc, 0x0, 0x0,
    0xf, 0xff, 0xff, 0xf0, 0x0, 0x0, 0x3f, 0xff,
    0xff, 0xc0, 0x0, 0x0, 0xff, 0xff, 0xff, 0x0,
    0x0, 0x3, 0xff, 0xff, 0xfc, 0x0, 0x0, 0xf,
    0xff, 0xff, 0xf0, 0x0, 0x0, 0x3f, 0xff, 0xff,
    0xc0, 0x0, 0x0, 0xff, 0xff, 0xff, 0x0, 0x0,
    0x3, 0xff, 0xff, 0xfc, 0x0, 0x0, 0xf, 0xff,
    0xff, 0xf0, 0x0, 0x0, 0x3f, 0xff, 0xff, 0xc0,
    0x0, 0x0, 0xff, 0xff, 0xff, 0x0, 0x0, 0x3,
    0xff, 0xff, 0xfc, 0x0, 0x0, 0xf, 0xff, 0xff,
    0xf0, 0x0, 0x0, 0x3f, 0xff, 0xff, 0xc0, 0x0,
    0x0, 0xff, 0xff, 0xff, 0x0, 0x0, 0x3, 0xff,
    0xff, 0xfc, 0x0, 0x0, 0xf, 0xff, 0xff, 0xf0,
    0x0, 0x0, 0x3f, 0xff, 0xff, 0xc0, 0x0, 0x0,
    0xff, 0xff, 0xff, 0x0, 0x0, 0x3, 0xff, 0xff,
    0xfc, 0x0, 0x0, 0xf, 0xff, 0xff, 0xf0, 0x0,
    0x0, 0x3f, 0xff, 0xff, 0xc0, 0x0, 0x0, 0xff,
    0xff, 0xff, 0x0, 0x0, 0x3, 0xff, 0xff, 0xfc,
    0x0, 0x0, 0xf, 0xff, 0xff, 0xf0, 0x0, 0x0,
    0x3f, 0xff, 0xff, 0xc0, 0x0, 0x0, 0xff, 0xff,
    0xff, 0x0, 0x0, 0x3, 0xff, 0xff, 0xfc, 0x0,
    0x0, 0xf, 0xff, 0xff, 0xf0, 0x0, 0x0, 0x3f,
    0xff, 0xff, 0xc0, 0x0, 0x0, 0xff, 0xff, 0xff,
    0x0, 0x0, 0x3, 0xff, 0xc3, 0xff, 0xc0, 0x0,
    0xff, 0xe0, 0xf, 0xff, 0x0, 0x3, 0xff, 0xc0,
    0x3f, 0xfc, 0x0, 0xf, 0xff, 0x0, 0xff, 0xf0,
    0x0, 0x3f, 0xfc, 0x3, 0xff, 0xc0, 0x0, 0xff,
    0xf0, 0xf, 0xff, 0x0, 0x3, 0xff, 0xc0, 0x3f,
    0xfc, 0x0, 0xf, 0xff, 0x0, 0xff, 0xf0, 0x0,
    0x3f, 0xfc, 0x3, 0xff, 0xc0, 0x0, 0xff, 0xf0,
    0xf, 0xff, 0x0, 0x3, 0xff, 0xc0, 0x3f, 0xfc,
    0x0, 0xf, 0xfe, 0x0, 0x1, 0xf0, 0x0, 0x3e,
    0x0, 0x0, 0x7, 0xff, 0xff, 0xf8, 0x0, 0x0,
    0x1f, 0xff, 0xff, 0xe0, 0x0, 0x0, 0x7f, 0xff,
    0xff, 0x80, 0x0, 0x1, 0xff, 0xff, 0xfe, 0x0,
    0x0, 0x7, 0xff, 0xff, 0xf8, 0x0, 0x0, 0x1f,
    0xff, 0xff, 0xe0, 0x0, 0x0, 0x7f, 0xff, 0xff,
    0x80, 0x0, 0x1, 0xff, 0xff, 0xfe, 0x0, 0x0,
    0x7, 0xff, 0xff, 0xf8, 0x0, 0x0, 0x1f, 0xff,
    0xff, 0xe0, 0x0, 0x0, 0x7f, 0xff, 0xff, 0x80,
    0x0, 0x0, 0x0, 0x0, 0x7f, 0xf0, 0x0, 0x0,
    0x0, 0x3, 0xff, 0xc0, 0x0, 0x0, 0x0, 0xf,
    0xff, 0x0, 0x0, 0x0, 0x0, 0x3f, 0xfc, 0x0,
    0x0, 0x0, 0x0, 0xff, 0xf0, 0x0, 0x0, 0x0,
    0x3, 0xff, 0xc0, 0x0, 0x0, 0x0, 0xf, 0xff,
    0x0, 0x0, 0x0, 0x0, 0x3f, 0xfc, 0x0, 0x0,
    0x0, 0x0, 0xff, 0xf0, 0x0, 0x0, 0x0, 0x3,
    0xff, 0xc0, 0x0, 0x0, 0x0, 0x7, 0xff, 0x0,
    0x0, 0x0, 0x0, 0x0, 0xff, 0xf0, 0x0, 0x0,
    0x0, 0x3, 0xff, 0xc0, 0x0, 0x0, 0x0, 0xf,
    0xff, 0x0, 0x0, 0x0, 0x0, 0x3f, 0xfc, 0x0,
    0x0, 0x0, 0x0, 0xff, 0xf0, 0x0, 0x0, 0x0,
    0x3, 0xff, 0xc0, 0x0, 0x0, 0x0, 0xf, 0xff,
    0x0, 0x0, 0x0, 0x0, 0x3f, 0xfc, 0x0, 0x0,
    0x0, 0x0, 0xff, 0xf0, 0x0, 0x0, 0x0, 0x3,
    0xff, 0xc0, 0x0, 0x0, 0x0, 0xf, 0xff,

    /* U+0052 "R" */
    0xff, 0xff, 0xff, 0xff, 0xff, 0x3, 0xff, 0xff,
    0xff, 0xff, 0xfc, 0xf, 0xff, 0xff, 0xff, 0xff,
    0xf0, 0x3f, 0xff, 0xff, 0xff, 0xff, 0xc0, 0xff,
    0xff, 0xff, 0xff, 0xff, 0x3, 0xff, 0xff, 0xff,
    0xff, 0xfc, 0xf, 0xff, 0xff, 0xff, 0xff, 0xf0,
    0x3f, 0xff, 0xff, 0xff, 0xff, 0xc0, 0xff, 0xff,
    0xff, 0xff, 0xff, 0x3, 0xff, 0xff, 0xff, 0xff,
    0xfc, 0xf, 0xff, 0xff, 0xff, 0xff, 0xf0, 0x3f,
    0xfc, 0x0, 0x0, 0x7f, 0xff, 0xff, 0xf0, 0x0,
    0x1, 0xff, 0xff, 0xff, 0xc0, 0x0, 0x7, 0xff,
    0xff, 0xff, 0x0, 0x0, 0x1f, 0xff, 0xff, 0xfc,
    0x0, 0x0, 0x7f, 0xff, 0xff, 0xf0, 0x0, 0x1,
    0xff, 0xff, 0xff, 0xc0, 0x0, 0x7, 0xff, 0xff,
    0xff, 0x0, 0x0, 0x1f, 0xff, 0xff, 0xfc, 0x0,
    0x0, 0x7f, 0xff, 0xff, 0xf0, 0x0, 0x1, 0xff,
    0xff, 0xff, 0xc0, 0x0, 0x7, 0xff, 0xff, 0xff,
    0x0, 0x0, 0x1f, 0xfe, 0x3f, 0xfc, 0x0, 0x0,
    0x7f, 0xf8, 0xff, 0xf0, 0x0, 0x1, 0xff, 0xe3,
    0xff, 0xc0, 0x0, 0x7, 0xff, 0x8f, 0xff, 0x0,
    0x0, 0x1f, 0xfe, 0x3f, 0xfc, 0x0, 0x0, 0x7f,
    0xf8, 0xff, 0xf0, 0x0, 0x1, 0xff, 0xe3, 0xff,
    0xc0, 0x0, 0x7, 0xff, 0x8f, 0xff, 0x0, 0x0,
    0x1f, 0xfe, 0x3f, 0xfc, 0x0, 0x0, 0x7f, 0xf8,
    0xff, 0xf0, 0x0, 0x1, 0xff, 0xe3, 0xff, 0xff,
    0xff, 0xff, 0x80, 0xf, 0xff, 0xff, 0xff, 0xfe,
    0x0, 0x3f, 0xff, 0xff, 0xff, 0xf8, 0x0, 0xff,
    0xff, 0xff, 0xff, 0xe0, 0x3, 0xff, 0xff, 0xff,
    0xff, 0x80, 0xf, 0xff, 0xff, 0xff, 0xfe, 0x0,
    0x3f, 0xff, 0xff, 0xff, 0xf8, 0x0, 0xff, 0xff,
    0xff, 0xff, 0xe0, 0x3, 0xff, 0xff, 0xff, 0xff,
    0x80, 0xf, 0xff, 0xff, 0xff, 0xfe, 0x0, 0x3f,
    0xff, 0xff, 0xff, 0xf8, 0x0, 0xff, 0xf0, 0x0,
    0x3f, 0xf8, 0x3, 0xff, 0xc0, 0x1, 0xff, 0xe0,
    0xf, 0xff, 0x0, 0x7, 0xff, 0x80, 0x3f, 0xfc,
    0x0, 0x1f, 0xfe, 0x0, 0xff, 0xf0, 0x0, 0x7f,
    0xf8, 0x3, 0xff, 0xc0, 0x1, 0xff, 0xe0, 0xf,
    0xff, 0x0, 0x7, 0xff, 0x80, 0x3f, 0xfc, 0x0,
    0x1f, 0xfe, 0x0, 0xff, 0xf0, 0x0, 0x7f, 0xf8,
    0x3, 0xff, 0xc0, 0x1, 0xff, 0xe0, 0xf, 0xff,
    0x0, 0x7, 0xff, 0x80, 0x1f, 0xf8, 0x0, 0x0,
    0xff, 0xe0, 0xff, 0xf0, 0x0, 0x3, 0xff, 0xc3,
    0xff, 0xc0, 0x0, 0xf, 0xff, 0xf, 0xff, 0x0,
    0x0, 0x3f, 0xfc, 0x3f, 0xfc, 0x0, 0x0, 0xff,
    0xf0, 0xff, 0xf0, 0x0, 0x3, 0xff, 0xc3, 0xff,
    0xc0, 0x0, 0xf, 0xff, 0xf, 0xff, 0x0, 0x0,
    0x3f, 0xfc, 0x3f, 0xfc, 0x0, 0x0, 0xff, 0xf0,
    0xff, 0xf0, 0x0, 0x3, 0xff, 0xc3, 0xff, 0xc0,
    0x0, 0xf, 0xff, 0xf, 0xff, 0x0, 0x0, 0x3f,
    0xf8, 0x3f, 0xfc, 0x0, 0x0, 0xf, 0xff, 0xff,
    0xf0, 0x0, 0x0, 0x3f, 0xff, 0xff, 0xc0, 0x0,
    0x0, 0xff, 0xff, 0xff, 0x0, 0x0, 0x3, 0xff,
    0xff, 0xfc, 0x0, 0x0, 0xf, 0xff, 0xff, 0xf0,
    0x0, 0x0, 0x3f, 0xff, 0xff, 0xc0, 0x0, 0x0,
    0xff, 0xff, 0xff, 0x0, 0x0, 0x3, 0xff, 0xff,
    0xfc, 0x0, 0x0, 0xf, 0xff, 0xff, 0xf0, 0x0,
    0x0, 0x3f, 0xff, 0xff, 0xc0, 0x0, 0x0, 0xff,
    0xf0,

    /* U+0053 "S" */
    0x3, 0xff, 0xff, 0xff, 0xff, 0x0, 0xf, 0xff,
    0xff, 0xff, 0xfc, 0x0, 0x3f, 0xff, 0xff, 0xff,
    0xf0, 0x1, 0xff, 0xff, 0xff, 0xff, 0xc0, 0x7,
    0xff, 0xff, 0xff, 0xff, 0x80, 0x1f, 0xff, 0xff,
    0xff, 0xfe, 0x0, 0x7f, 0xff, 0xff, 0xff, 0xf8,
    0x0, 0xff, 0xff, 0xff, 0xff, 0xc0, 0x3, 0xff,
    0xff, 0xff, 0xff, 0x0, 0xf, 0xff, 0xff, 0xff,
    0xfc, 0x0, 0x3f, 0xff, 0xff, 0xff, 0xf0, 0x3f,
    0xfc, 0x0, 0x0, 0xf, 0xff, 0xff, 0xf0, 0x0,
    0x0, 0x3f, 0xff, 0xff, 0xc0, 0x0, 0x0, 0xff,
    0xff, 0xff, 0x0, 0x0, 0x3, 0xff, 0xff, 0xfc,
    0x0, 0x0, 0xf, 0xff, 0xff, 0xf0, 0x0, 0x0,
    0x3f, 0xff, 0xff, 0xc0, 0x0, 0x0, 0xff, 0xff,
    0xff, 0x0, 0x0, 0x3, 0xff, 0xff, 0xfc, 0x0,
    0x0, 0xf, 0xff, 0xff, 0xf0, 0x0, 0x0, 0x3f,
    0xff, 0xff, 0xc0, 0x0, 0x0, 0xff, 0xff, 0xff,
    0x0, 0x0, 0x0, 0x0, 0x3f, 0xfc, 0x0, 0x0,
    0x0, 0x0, 0xff, 0xf0, 0x0, 0x0, 0x0, 0x3,
    0xff, 0xc0, 0x0, 0x0, 0x0, 0xf, 0xff, 0x0,
    0x0, 0x0, 0x0, 0x3f, 0xfc, 0x0, 0x0, 0x0,
    0x0, 0xff, 0xf0, 0x0, 0x0, 0x0, 0x3, 0xff,
    0xc0, 0x0, 0x0, 0x0, 0xf, 0xff, 0x0, 0x0,
    0x0, 0x0, 0x3f, 0xfc, 0x0, 0x0, 0x0, 0x0,
    0xff, 0xf0, 0x0, 0x0, 0x0, 0x0, 0xf, 0xff,
    0xff, 0xff, 0xfc, 0x0, 0x3f, 0xff, 0xff, 0xff,
    0xf0, 0x0, 0xff, 0xff, 0xff, 0xff, 0xc0, 0x7,
    0xff, 0xff, 0xff, 0xff, 0x0, 0x1f, 0xff, 0xff,
    0xff, 0xfe, 0x0, 0x7f, 0xff, 0xff, 0xff, 0xf8,
    0x1, 0xff, 0xff, 0xff, 0xff, 0xe0, 0x3, 0xff,
    0xff, 0xff, 0xff, 0x80, 0xf, 0xff, 0xff, 0xff,
    0xfc, 0x0, 0x3f, 0xff, 0xff, 0xff, 0xf0, 0x0,
    0xff, 0xff, 0xff, 0xff, 0xc0, 0x0, 0x0, 0x0,
    0x0, 0x3f, 0x0, 0x0, 0x0, 0x0, 0x0, 0xff,
    0xf0, 0x0, 0x0, 0x0, 0x3, 0xff, 0xc0, 0x0,
    0x0, 0x0, 0xf, 0xff, 0x0, 0x0, 0x0, 0x0,
    0x3f, 0xfc, 0x0, 0x0, 0x0, 0x0, 0xff, 0xf0,
    0x0, 0x0, 0x0, 0x3, 0xff, 0xc0, 0x0, 0x0,
    0x0, 0xf, 0xff, 0x0, 0x0, 0x0, 0x0, 0x3f,
    0xfc, 0x0, 0x0, 0x0, 0x0, 0xff, 0xf0, 0x0,
    0x0, 0x0, 0x3, 0xff, 0xc0, 0x0, 0x0, 0x0,
    0xf, 0xff, 0xff, 0xf0, 0x0, 0x0, 0x3f, 0xff,
    0xff, 0xc0, 0x0, 0x0, 0xff, 0xff, 0xff, 0x0,
    0x0, 0x3, 0xff, 0xff, 0xfc, 0x0, 0x0, 0xf,
    0xff, 0xff, 0xf0, 0x0, 0x0, 0x3f, 0xff, 0xff,
    0xc0, 0x0, 0x0, 0xff, 0xff, 0xff, 0x0, 0x0,
    0x3, 0xff, 0xff, 0xfc, 0x0, 0x0, 0xf, 0xff,
    0xff, 0xf0, 0x0, 0x0, 0x3f, 0xff, 0xff, 0xc0,
    0x0, 0x0, 0xff, 0xff, 0xff, 0x0, 0x0, 0x3,
    0xff, 0xc0, 0xff, 0xff, 0xff, 0xff, 0xc0, 0x3,
    0xff, 0xff, 0xff, 0xff, 0x0, 0xf, 0xff, 0xff,
    0xff, 0xfc, 0x0, 0x7f, 0xff, 0xff, 0xff, 0xf0,
    0x1, 0xff, 0xff, 0xff, 0xff, 0xe0, 0x7, 0xff,
    0xff, 0xff, 0xff, 0x80, 0x1f, 0xff, 0xff, 0xff,
    0xfe, 0x0, 0x3f, 0xff, 0xff, 0xff, 0xf0, 0x0,
    0xff, 0xff, 0xff, 0xff, 0xc0, 0x3, 0xff, 0xff,
    0xff, 0xff, 0x0, 0xf, 0xff, 0xff, 0xff, 0xfc,
    0x0,

    /* U+0054 "T" */
    0xff, 0xff, 0xff, 0xff, 0xff, 0xff, 0xff, 0xff,
    0xff, 0xff, 0xff, 0xff, 0xff, 0xff, 0xff, 0xff,
    0xff, 0xff, 0xff, 0xff, 0xff, 0xff, 0xff, 0xff,
    0xff, 0xff, 0xff, 0xff, 0xff, 0xff, 0xff, 0xff,
    0xff, 0xff, 0xff, 0xff, 0xff, 0xff, 0xff, 0xff,
    0xff, 0xff, 0xff, 0xff, 0xff, 0xff, 0xff, 0xff,
    0xff, 0xff, 0xff, 0xff, 0xff, 0xff, 0xff, 0xff,
    0xff, 0xff, 0xff, 0xff, 0xff, 0xff, 0xff, 0xc0,
    0x0, 0x1f, 0xfe, 0x0, 0x0, 0x0, 0x0, 0x7f,
    0xf8, 0x0, 0x0, 0x0, 0x1, 0xff, 0xe0, 0x0,
    0x0, 0x0, 0x7, 0xff, 0x80, 0x0, 0x0, 0x0,
    0x1f, 0xfe, 0x0, 0x0, 0x0, 0x0, 0x7f, 0xf8,
    0x0, 0x0, 0x0, 0x1, 0xff, 0xe0, 0x0, 0x0,
    0x0, 0x7, 0xff, 0x80, 0x0, 0x0, 0x0, 0x1f,
    0xfe, 0x0, 0x0, 0x0, 0x0, 0x7f, 0xf8, 0x0,
    0x0, 0x0, 0x1, 0xff, 0xe0, 0x0, 0x0, 0x0,
    0x7, 0xff, 0x80, 0x0, 0x0, 0x0, 0x1f, 0xfe,
    0x0, 0x0, 0x0, 0x0, 0x7f, 0xf8, 0x0, 0x0,
    0x0, 0x1, 0xff, 0xe0, 0x0, 0x0, 0x0, 0x7,
    0xff, 0x80, 0x0, 0x0, 0x0, 0x1f, 0xfe, 0x0,
    0x0, 0x0, 0x0, 0x7f, 0xf8, 0x0, 0x0, 0x0,
    0x1, 0xff, 0xe0, 0x0, 0x0, 0x0, 0x7, 0xff,
    0x80, 0x0, 0x0, 0x0, 0x1f, 0xfe, 0x0, 0x0,
    0x0, 0x0, 0x7f, 0xf8, 0x0, 0x0, 0x0, 0x1,
    0xff, 0xc0, 0x0, 0x0, 0x0, 0x7, 0xff, 0x80,
    0x0, 0x0, 0x0, 0x1f, 0xfe, 0x0, 0x0, 0x0,
    0x0, 0x7f, 0xf8, 0x0, 0x0, 0x0, 0x1, 0xff,
    0xe0, 0x0, 0x0, 0x0, 0x7, 0xff, 0x80, 0x0,
    0x0, 0x0, 0x1f, 0xfe, 0x0, 0x0, 0x0, 0x0,
    0x7f, 0xf8, 0x0, 0x0, 0x0, 0x1, 0xff, 0xe0,
    0x0, 0x0, 0x0, 0x7, 0xff, 0x80, 0x0, 0x0,
    0x0, 0x1f, 0xfe, 0x0, 0x0, 0x0, 0x0, 0x3f,
    0xf0, 0x0, 0x0, 0x0, 0x1, 0xff, 0xe0, 0x0,
    0x0, 0x0, 0x7, 0xff, 0x80, 0x0, 0x0, 0x0,
    0x1f, 0xfe, 0x0, 0x0, 0x0, 0x0, 0x7f, 0xf8,
    0x0, 0x0, 0x0, 0x1, 0xff, 0xe0, 0x0, 0x0,
    0x0, 0x7, 0xff, 0x80, 0x0, 0x0, 0x0, 0x1f,
    0xfe, 0x0, 0x0, 0x0, 0x0, 0x7f, 0xf8, 0x0,
    0x0, 0x0, 0x1, 0xff, 0xe0, 0x0, 0x0, 0x0,
    0x7, 0xff, 0x80, 0x0, 0x0, 0x0, 0xf, 0xfc,
    0x0, 0x0, 0x0, 0x0, 0x7f, 0xf8, 0x0, 0x0,
    0x0, 0x1, 0xff, 0xe0, 0x0, 0x0, 0x0, 0x7,
    0xff, 0x80, 0x0, 0x0, 0x0, 0x1f, 0xfe, 0x0,
    0x0, 0x0, 0x0, 0x7f, 0xf8, 0x0, 0x0, 0x0,
    0x1, 0xff, 0xe0, 0x0, 0x0, 0x0, 0x7, 0xff,
    0x80, 0x0, 0x0, 0x0, 0x1f, 0xfe, 0x0, 0x0,
    0x0, 0x0, 0x7f, 0xf8, 0x0, 0x0, 0x0, 0x1,
    0xff, 0xe0, 0x0, 0x0, 0x0, 0x7, 0xff, 0x80,
    0x0, 0x0, 0x0, 0x1f, 0xfe, 0x0, 0x0, 0x0,
    0x0, 0x7f, 0xf8, 0x0, 0x0, 0x0, 0x1, 0xff,
    0xe0, 0x0, 0x0, 0x0, 0x7, 0xff, 0x80, 0x0,
    0x0, 0x0, 0x1f, 0xfe, 0x0, 0x0, 0x0, 0x0,
    0x7f, 0xf8, 0x0, 0x0, 0x0, 0x1, 0xff, 0xe0,
    0x0, 0x0, 0x0, 0x7, 0xff, 0x80, 0x0, 0x0,
    0x0, 0x1f, 0xfe, 0x0, 0x0, 0x0, 0x0, 0x7f,
    0xf8, 0x0, 0x0, 0x0, 0x1, 0xff, 0xe0, 0x0,
    0x0,

    /* U+0055 "U" */
    0xff, 0xf0, 0x0, 0x0, 0x3f, 0xff, 0xff, 0xc0,
    0x0, 0x0, 0xff, 0xff, 0xff, 0x0, 0x0, 0x3,
    0xff, 0xff, 0xfc, 0x0, 0x0, 0xf, 0xff, 0xff,
    0xf0, 0x0, 0x0, 0x3f, 0xff, 0xff, 0xc0, 0x0,
    0x0, 0xff, 0xff, 0xff, 0x0, 0x0, 0x3, 0xff,
    0xff, 0xfc, 0x0, 0x0, 0xf, 0xff, 0xff, 0xf0,
    0x0, 0x0, 0x3f, 0xff, 0xff, 0xc0, 0x0, 0x0,
    0xff, 0xff, 0xff, 0x0, 0x0, 0x3, 0xff, 0xff,
    0xfc, 0x0, 0x0, 0xf, 0xff, 0xff, 0xf0, 0x0,
    0x0, 0x3f, 0xff, 0xff, 0xc0, 0x0, 0x0, 0xff,
    0xff, 0xff, 0x0, 0x0, 0x3, 0xff, 0xff, 0xfc,
    0x0, 0x0, 0xf, 0xff, 0xff, 0xf0, 0x0, 0x0,
    0x3f, 0xff, 0xff, 0xc0, 0x0, 0x0, 0xff, 0xff,
    0xff, 0x0, 0x0, 0x3, 0xff, 0xff, 0xfc, 0x0,
    0x0, 0xf, 0xff, 0xff, 0xf0, 0x0, 0x0, 0x3f,
    0xff, 0xff, 0xc0, 0x0, 0x0, 0xff, 0xff, 0xfe,
    0x0, 0x0, 0x3, 0xff, 0xbf, 0xfc, 0x0, 0x0,
    0xf, 0xff, 0xff, 0xf0, 0x0, 0x0, 0x3f, 0xff,
    0xff, 0xc0, 0x0, 0x0, 0xff, 0xff, 0xff, 0x0,
    0x0, 0x3, 0xff, 0xff, 0xfc, 0x0, 0x0, 0xf,
    0xff, 0xff, 0xf0, 0x0, 0x0, 0x3f, 0xff, 0xff,
    0xc0, 0x0, 0x0, 0xff, 0xff, 0xff, 0x0, 0x0,
    0x3, 0xff, 0xff, 0xfc, 0x0, 0x0, 0xf, 0xff,
    0xff, 0xf0, 0x0, 0x0, 0x3f, 0xfd, 0xff, 0x80,
    0x0, 0x0, 0x7f, 0xef, 0xff, 0x0, 0x0, 0x3,
    0xff, 0xff, 0xfc, 0x0, 0x0, 0xf, 0xff, 0xff,
    0xf0, 0x0, 0x0, 0x3f, 0xff, 0xff, 0xc0, 0x0,
    0x0, 0xff, 0xff, 0xff, 0x0, 0x0, 0x3, 0xff,
    0xff, 0xfc, 0x0, 0x0, 0xf, 0xff, 0xff, 0xf0,
    0x0, 0x0, 0x3f, 0xff, 0xff, 0xc0, 0x0, 0x0,
    0xff, 0xff, 0xff, 0x0, 0x0, 0x3, 0xff, 0xff,
    0xfc, 0x0, 0x0, 0xf, 0xff, 0x7f, 0xe0, 0x0,
    0x0, 0x1f, 0xfb, 0xff, 0xc0, 0x0, 0x0, 0xff,
    0xff, 0xff, 0x0, 0x0, 0x3, 0xff, 0xff, 0xfc,
    0x0, 0x0, 0xf, 0xff, 0xff, 0xf0, 0x0, 0x0,
    0x3f, 0xff, 0xff, 0xc0, 0x0, 0x0, 0xff, 0xff,
    0xff, 0x0, 0x0, 0x3, 0xff, 0xff, 0xfc, 0x0,
    0x0, 0xf, 0xff, 0xff, 0xf0, 0x0, 0x0, 0x3f,
    0xff, 0xff, 0xc0, 0x0, 0x0, 0xff, 0xff, 0xff,
    0x0, 0x0, 0x3, 0xff, 0xff, 0xfc, 0x0, 0x0,
    0xf, 0xff, 0xff, 0xf0, 0x0, 0x0, 0x3f, 0xff,
    0xff, 0xc0, 0x0, 0x0, 0xff, 0xff, 0xff, 0x0,
    0x0, 0x3, 0xff, 0xff, 0xfc, 0x0, 0x0, 0xf,
    0xff, 0xff, 0xf0, 0x0, 0x0, 0x3f, 0xff, 0xff,
    0xc0, 0x0, 0x0, 0xff, 0xff, 0xff, 0x0, 0x0,
    0x3, 0xff, 0xff, 0xfc, 0x0, 0x0, 0xf, 0xff,
    0xff, 0xf0, 0x0, 0x0, 0x3f, 0xff, 0xff, 0xc0,
    0x0, 0x0, 0xff, 0xff, 0xff, 0x0, 0x0, 0x3,
    0xff, 0xc0, 0xff, 0xff, 0xff, 0xff, 0xc0, 0x3,
    0xff, 0xff, 0xff, 0xff, 0x0, 0xf, 0xff, 0xff,
    0xff, 0xfc, 0x0, 0x7f, 0xff, 0xff, 0xff, 0xf0,
    0x1, 0xff, 0xff, 0xff, 0xff, 0xe0, 0x7, 0xff,
    0xff, 0xff, 0xff, 0x80, 0x1f, 0xff, 0xff, 0xff,
    0xfe, 0x0, 0x3f, 0xff, 0xff, 0xff, 0xf0, 0x0,
    0xff, 0xff, 0xff, 0xff, 0xc0, 0x3, 0xff, 0xff,
    0xff, 0xff, 0x0, 0xf, 0xff, 0xff, 0xff, 0xfc,
    0x0,

    /* U+0056 "V" */
    0xff, 0xf0, 0x0, 0x0, 0x3f, 0xff, 0xff, 0xc0,
    0x0, 0x0, 0xff, 0xff, 0xff, 0x0, 0x0, 0x3,
    0xff, 0xff, 0xfc, 0x0, 0x0, 0xf, 0xff, 0xff,
    0xf0, 0x0, 0x0, 0x3f, 0xff, 0xff, 0xc0, 0x0,
    0x0, 0xff, 0xff, 0xff, 0x0, 0x0, 0x3, 0xff,
    0xff, 0xfc, 0x0, 0x0, 0xf, 0xff, 0xff, 0xf0,
    0x0, 0x0, 0x3f, 0xff, 0xff, 0xc0, 0x0, 0x0,
    0xff, 0xff, 0xff, 0x0, 0x0, 0x3, 0xff, 0xff,
    0xfc, 0x0, 0x0, 0xf, 0xff, 0xff, 0xf0, 0x0,
    0x0, 0x3f, 0xff, 0xff, 0xc0, 0x0, 0x0, 0xff,
    0xff, 0xff, 0x0, 0x0, 0x3, 0xff, 0xff, 0xfc,
    0x0, 0x0, 0xf, 0xff, 0xff, 0xf0, 0x0, 0x0,
    0x3f, 0xff, 0xff, 0xc0, 0x0, 0x0, 0xff, 0xff,
    0xff, 0x0, 0x0, 0x3, 0xff, 0xff, 0xfc, 0x0,
    0x0, 0xf, 0xff, 0xff, 0xf0, 0x0, 0x0, 0x3f,
    0xff, 0xff, 0xc0, 0x0, 0x0, 0xff, 0xff, 0xff,
    0x0, 0x0, 0x3, 0xff, 0xff, 0xfc, 0x0, 0x0,
    0xf, 0xff, 0xff, 0xf0, 0x0, 0x0, 0x3f, 0xff,
    0xff, 0xc0, 0x0, 0x0, 0xff, 0xff, 0xff, 0x0,
    0x0, 0x3, 0xff, 0xff, 0xfc, 0x0, 0x0, 0xf,
    0xff, 0xff, 0xf0, 0x0, 0x0, 0x3f, 0xff, 0xff,
    0xc0, 0x0, 0x0, 0xff, 0xff, 0xff, 0x0, 0x0,
    0x3, 0xff, 0xff, 0xfc, 0x0, 0x0, 0xf, 0xff,
    0xff, 0xf0, 0x0, 0x0, 0x3f, 0xfc, 0x1f, 0xfc,
    0x0, 0xf, 0xfe, 0x0, 0xff, 0xf0, 0x0, 0x3f,
    0xfc, 0x3, 0xff, 0xc0, 0x0, 0xff, 0xf0, 0xf,
    0xff, 0x0, 0x3, 0xff, 0xc0, 0x3f, 0xfc, 0x0,
    0xf, 0xff, 0x0, 0xff, 0xf0, 0x0, 0x3f, 0xfc,
    0x3, 0xff, 0xc0, 0x0, 0xff, 0xf0, 0xf, 0xff,
    0x0, 0x3, 0xff, 0xc0, 0x3f, 0xfc, 0x0, 0xf,
    0xff, 0x0, 0xff, 0xf0, 0x0, 0x3f, 0xfc, 0x3,
    0xff, 0xc0, 0x0, 0xff, 0xf0, 0x7, 0xff, 0x0,
    0x3, 0xff, 0x80, 0x1, 0xff, 0xe1, 0xff, 0xe0,
    0x0, 0x7, 0xff, 0x87, 0xff, 0x80, 0x0, 0x1f,
    0xfe, 0x1f, 0xfe, 0x0, 0x0, 0x7f, 0xf8, 0x7f,
    0xf8, 0x0, 0x1, 0xff, 0xe1, 0xff, 0xe0, 0x0,
    0x7, 0xff, 0x87, 0xff, 0x80, 0x0, 0x1f, 0xfe,
    0x1f, 0xfe, 0x0, 0x0, 0x7f, 0xf8, 0x7f, 0xf8,
    0x0, 0x1, 0xff, 0xe1, 0xff, 0xe0, 0x0, 0x7,
    0xff, 0x87, 0xff, 0x80, 0x0, 0x1f, 0xfe, 0x1f,
    0xfe, 0x0, 0x0, 0x1f, 0xff, 0xff, 0xe0, 0x0,
    0x0, 0x7f, 0xff, 0xff, 0x80, 0x0, 0x1, 0xff,
    0xff, 0xfe, 0x0, 0x0, 0x7, 0xff, 0xff, 0xf8,
    0x0, 0x0, 0x1f, 0xff, 0xff, 0xe0, 0x0, 0x0,
    0x7f, 0xff, 0xff, 0x80, 0x0, 0x1, 0xff, 0xff,
    0xfe, 0x0, 0x0, 0x7, 0xff, 0xff, 0xf8, 0x0,
    0x0, 0x1f, 0xff, 0xff, 0xe0, 0x0, 0x0, 0x7f,
    0xff, 0xff, 0x80, 0x0, 0x1, 0xff, 0xff, 0xfe,
    0x0, 0x0, 0x0, 0x1f, 0xfe, 0x0, 0x0, 0x0,
    0x0, 0x7f, 0xf8, 0x0, 0x0, 0x0, 0x1, 0xff,
    0xe0, 0x0, 0x0, 0x0, 0x7, 0xff, 0x80, 0x0,
    0x0, 0x0, 0x1f, 0xfe, 0x0, 0x0, 0x0, 0x0,
    0x7f, 0xf8, 0x0, 0x0, 0x0, 0x1, 0xff, 0xe0,
    0x0, 0x0, 0x0, 0x7, 0xff, 0x80, 0x0, 0x0,
    0x0, 0x1f, 0xfe, 0x0, 0x0, 0x0, 0x0, 0x7f,
    0xf8, 0x0, 0x0, 0x0, 0x1, 0xff, 0xe0, 0x0,
    0x0,

    /* U+0057 "W" */
    0xff, 0xf0, 0x3f, 0xf0, 0x3f, 0xff, 0xff, 0xc0,
    0xff, 0xc0, 0xff, 0xff, 0xff, 0x3, 0xff, 0x3,
    0xff, 0xff, 0xfc, 0xf, 0xfc, 0xf, 0xff, 0xff,
    0xf0, 0x3f, 0xf0, 0x3f, 0xff, 0xff, 0xc0, 0xff,
    0xc0, 0xff, 0xff, 0xff, 0x3, 0xff, 0x3, 0xff,
    0xff, 0xfc, 0xf, 0xfc, 0xf, 0xff, 0xff, 0xf0,
    0x3f, 0xf0, 0x3f, 0xff, 0xff, 0xc0, 0xff, 0xc0,
    0xff, 0xff, 0xff, 0x3, 0xff, 0x3, 0xff, 0xff,
    0xfc, 0xf, 0xfc, 0xf, 0xff, 0xff, 0xf0, 0x3f,
    0xf0, 0x3f, 0xff, 0xff, 0xc0, 0xff, 0xc0, 0xff,
    0xff, 0xff, 0x3, 0xff, 0x3, 0xff, 0xff, 0xfc,
    0xf, 0xfc, 0xf, 0xff, 0xff, 0xf0, 0x3f, 0xf0,
    0x3f, 0xff, 0xff, 0xc0, 0xff, 0xc0, 0xff, 0xff,
    0xff, 0x3, 0xff, 0x3, 0xff, 0xff, 0xfc, 0xf,
    0xfc, 0xf, 0xff, 0xff, 0xf0, 0x3f, 0xf0, 0x3f,
    0xff, 0xff, 0xc0, 0xff, 0xc0, 0xff, 0xf7, 0xfe,
    0x3, 0xff, 0x1, 0xff, 0xbf, 0xfc, 0xf, 0xfc,
    0xf, 0xff, 0xff, 0xf0, 0x3f, 0xf0, 0x3f, 0xff,
    0xff, 0xc0, 0xff, 0xc0, 0xff, 0xff, 0xff, 0x3,
    0xff, 0x3, 0xff, 0xff, 0xfc, 0xf, 0xfc, 0xf,
    0xff, 0xff, 0xf0, 0x3f, 0xf0, 0x3f, 0xff, 0xff,
    0xc0, 0xff, 0xc0, 0xff, 0xff, 0xff, 0x3, 0xff,
    0x3, 0xff, 0xff, 0xfc, 0xf, 0xfc, 0xf, 0xff,
    0xff, 0xf0, 0x3f, 0xf0, 0x3f, 0xff, 0xff, 0xc0,
    0xff, 0xc0, 0xff, 0xff, 0xff, 0x3, 0xff, 0x3,
    0xff, 0xff, 0xfc, 0xf, 0xfc, 0xf, 0xff, 0xff,
    0xf0, 0x3f, 0xf0, 0x3f, 0xff, 0xff, 0xc0, 0xff,
    0xc0, 0xff, 0xff, 0xff, 0x3, 0xff, 0x3, 0xff,
    0xff, 0xfc, 0xf, 0xfc, 0xf, 0xff, 0xff, 0xf0,
    0x3f, 0xf0, 0x3f, 0xff, 0xff, 0xc0, 0xff, 0xc0,
    0xff, 0xff, 0xff, 0x3, 0xff, 0x3, 0xff, 0xff,
    0xfc, 0xf, 0xfc, 0xf, 0xff, 0xff, 0xf0, 0x3f,
    0xf0, 0x3f, 0xfc, 0x3f, 0xc3, 0xff, 0xf0, 0xff,
    0x0, 0xff, 0x1f, 0xff, 0xc3, 0xfc, 0x3, 0xfc,
    0x7f, 0xff, 0xf, 0xf0, 0xf, 0xf1, 0xff, 0xfc,
    0x3f, 0xc0, 0x3f, 0xc7, 0xff, 0xf0, 0xff, 0x0,
    0xff, 0x1f, 0xff, 0xc3, 0xfc, 0x3, 0xfc, 0x7f,
    0xff, 0xf, 0xf0, 0xf, 0xf1, 0xff, 0xfc, 0x3f,
    0xc0, 0x3f, 0xc7, 0xff, 0xf0, 0xff, 0x0, 0xff,
    0x1f, 0xff, 0xc3, 0xfc, 0x3, 0xfc, 0x3f, 0xff,
    0xf, 0xf0, 0xf, 0xff, 0xe0, 0x1f, 0xff, 0xc0,
    0x3f, 0xff, 0x80, 0x7f, 0xff, 0x0, 0xff, 0xfe,
    0x1, 0xff, 0xfc, 0x3, 0xff, 0xf8, 0x7, 0xff,
    0xf0, 0xf, 0xff, 0xe0, 0x1f, 0xff, 0xc0, 0x3f,
    0xff, 0x80, 0x7f, 0xff, 0x0, 0xff, 0xfe, 0x1,
    0xff, 0xfc, 0x3, 0xff, 0xf8, 0x7, 0xff, 0xf0,
    0xf, 0xff, 0xe0, 0x1f, 0xff, 0xc0, 0x3f, 0xff,
    0x80, 0x7f, 0xff, 0x0, 0xff, 0xfe, 0x1, 0xff,
    0xfc, 0x0, 0x7f, 0xc0, 0x1, 0xff, 0x80, 0x1,
    0xff, 0x80, 0x7, 0xfe, 0x0, 0x7, 0xfe, 0x0,
    0x1f, 0xf8, 0x0, 0x1f, 0xf8, 0x0, 0x7f, 0xe0,
    0x0, 0x7f, 0xe0, 0x1, 0xff, 0x80, 0x1, 0xff,
    0x80, 0x7, 0xfe, 0x0, 0x7, 0xfe, 0x0, 0x1f,
    0xf8, 0x0, 0x1f, 0xf8, 0x0, 0x7f, 0xe0, 0x0,
    0x7f, 0xe0, 0x1, 0xff, 0x80, 0x1, 0xff, 0x80,
    0x7, 0xfe, 0x0, 0x7, 0xfc, 0x0, 0x1f, 0xf8,
    0x0,

    /* U+0058 "X" */
    0xff, 0xf0, 0x0, 0x0, 0x3f, 0xff, 0xff, 0xc0,
    0x0, 0x0, 0xff, 0xff, 0xff, 0x0, 0x0, 0x3,
    0xff, 0xff, 0xfc, 0x0, 0x0, 0xf, 0xff, 0xff,
    0xf0, 0x0, 0x0, 0x3f, 0xff, 0xff, 0xc0, 0x0,
    0x0, 0xff, 0xff, 0xff, 0x0, 0x0, 0x3, 0xff,
    0xff, 0xfc, 0x0, 0x0, 0xf, 0xff, 0xff, 0xf0,
    0x0, 0x0, 0x3f, 0xff, 0xff, 0xc0, 0x0, 0x0,
    0xff, 0xff, 0xff, 0x0, 0x0, 0x3, 0xff, 0xc3,
    0xff, 0xc0, 0x0, 0xff, 0xf0, 0xf, 0xff, 0x0,
    0x3, 0xff, 0xc0, 0x3f, 0xfc, 0x0, 0xf, 0xff,
    0x0, 0xff, 0xf0, 0x0, 0x3f, 0xfc, 0x3, 0xff,
    0xc0, 0x0, 0xff, 0xf0, 0xf, 0xff, 0x0, 0x3,
    0xff, 0xc0, 0x3f, 0xfc, 0x0, 0xf, 0xff, 0x0,
    0xff, 0xf0, 0x0, 0x3f, 0xfc, 0x3, 0xff, 0xc0,
    0x0, 0xff, 0xf0, 0xf, 0xff, 0x0, 0x3, 0xff,
    0xc0, 0x3f, 0xfc, 0x0, 0xf, 0xff, 0x0, 0x3,
    0xfe, 0x1, 0xff, 0x0, 0x0, 0xf, 0xfc, 0xf,
    0xfc, 0x0, 0x0, 0x3f, 0xf0, 0x3f, 0xf0, 0x0,
    0x0, 0xff, 0xc0, 0xff, 0xc0, 0x0, 0x3, 0xff,
    0x3, 0xff, 0x0, 0x0, 0xf, 0xfc, 0xf, 0xfc,
    0x0, 0x0, 0x3f, 0xf0, 0x3f, 0xf0, 0x0, 0x0,
    0xff, 0xc0, 0xff, 0xc0, 0x0, 0x3, 0xff, 0x3,
    0xff, 0x0, 0x0, 0xf, 0xfc, 0xf, 0xfc, 0x0,
    0x0, 0x3f, 0xe0, 0x1f, 0xf0, 0x0, 0x0, 0xf,
    0xff, 0xfc, 0x0, 0x0, 0x0, 0x3f, 0xff, 0xf0,
    0x0, 0x0, 0x0, 0xff, 0xff, 0xc0, 0x0, 0x0,
    0x3, 0xff, 0xff, 0x0, 0x0, 0x0, 0xf, 0xff,
    0xfc, 0x0, 0x0, 0x0, 0x3f, 0xff, 0xf0, 0x0,
    0x0, 0x0, 0xff, 0xff, 0xc0, 0x0, 0x0, 0x3,
    0xff, 0xff, 0x0, 0x0, 0x0, 0xf, 0xff, 0xfc,
    0x0, 0x0, 0x0, 0x3f, 0xff, 0xf0, 0x0, 0x0,
    0x0, 0xff, 0xff, 0xc0, 0x0, 0x0, 0x3, 0xe0,
    0x1f, 0x0, 0x0, 0x0, 0xff, 0xc0, 0xff, 0xc0,
    0x0, 0x3, 0xff, 0x3, 0xff, 0x0, 0x0, 0xf,
    0xfc, 0xf, 0xfc, 0x0, 0x0, 0x3f, 0xf0, 0x3f,
    0xf0, 0x0, 0x0, 0xff, 0xc0, 0xff, 0xc0, 0x0,
    0x3, 0xff, 0x3, 0xff, 0x0, 0x0, 0xf, 0xfc,
    0xf, 0xfc, 0x0, 0x0, 0x3f, 0xf0, 0x3f, 0xf0,
    0x0, 0x0, 0xff, 0xc0, 0xff, 0xc0, 0x0, 0x3,
    0xfe, 0x1, 0xff, 0x0, 0x3, 0xff, 0xc0, 0x0,
    0xff, 0xf0, 0xf, 0xff, 0x0, 0x3, 0xff, 0xc0,
    0x3f, 0xfc, 0x0, 0xf, 0xff, 0x0, 0xff, 0xf0,
    0x0, 0x3f, 0xfc, 0x3, 0xff, 0xc0, 0x0, 0xff,
    0xf0, 0xf, 0xff, 0x0, 0x3, 0xff, 0xc0, 0x3f,
    0xfc, 0x0, 0xf, 0xff, 0x0, 0xff, 0xf0, 0x0,
    0x3f, 0xfc, 0x3, 0xff, 0xc0, 0x0, 0xff, 0xf0,
    0xf, 0xff, 0x0, 0x3, 0xff, 0xc0, 0x3f, 0xfc,
    0x0, 0xf, 0xff, 0x0, 0xff, 0xf0, 0x0, 0x3f,
    0xfc, 0x3f, 0xfc, 0x0, 0x0, 0xf, 0xff, 0xff,
    0xf0, 0x0, 0x0, 0x3f, 0xff, 0xff, 0xc0, 0x0,
    0x0, 0xff, 0xff, 0xff, 0x0, 0x0, 0x3, 0xff,
    0xff, 0xfc, 0x0, 0x0, 0xf, 0xff, 0xff, 0xf0,
    0x0, 0x0, 0x3f, 0xff, 0xff, 0xc0, 0x0, 0x0,
    0xff, 0xff, 0xff, 0x0, 0x0, 0x3, 0xff, 0xff,
    0xfc, 0x0, 0x0, 0xf, 0xff, 0xff, 0xf0, 0x0,
    0x0, 0x3f, 0xff, 0xff, 0xc0, 0x0, 0x0, 0xff,
    0xf0,

    /* U+0059 "Y" */
    0xff, 0xf0, 0x0, 0x0, 0x3f, 0xff, 0xff, 0xc0,
    0x0, 0x0, 0xff, 0xff, 0xff, 0x0, 0x0, 0x3,
    0xff, 0xff, 0xfc, 0x0, 0x0, 0xf, 0xff, 0xff,
    0xf0, 0x0, 0x0, 0x3f, 0xff, 0xff, 0xc0, 0x0,
    0x0, 0xff, 0xff, 0xff, 0x0, 0x0, 0x3, 0xff,
    0xff, 0xfc, 0x0, 0x0, 0xf, 0xff, 0xff, 0xf0,
    0x0, 0x0, 0x3f, 0xff, 0xff, 0xc0, 0x0, 0x0,
    0xff, 0xff, 0xff, 0x0, 0x0, 0x3, 0xff, 0xff,
    0xfc, 0x0, 0x0, 0xf, 0xff, 0xff, 0xf0, 0x0,
    0x0, 0x3f, 0xff, 0xff, 0xc0, 0x0, 0x0, 0xff,
    0xff, 0xff, 0x0, 0x0, 0x3, 0xff, 0xff, 0xfc,
    0x0, 0x0, 0xf, 0xff, 0xff, 0xf0, 0x0, 0x0,
    0x3f, 0xff, 0xff, 0xc0, 0x0, 0x0, 0xff, 0xff,
    0xff, 0x0, 0x0, 0x3, 0xff, 0xff, 0xfc, 0x0,
    0x0, 0xf, 0xff, 0xff, 0xf0, 0x0, 0x0, 0x3f,
    0xff, 0xff, 0xc0, 0x0, 0x0, 0xff, 0xf0, 0x3f,
    0xfc, 0x0, 0xff, 0xf0, 0x0, 0xff, 0xf0, 0x3,
    0xff, 0xc0, 0x3, 0xff, 0xc0, 0xf, 0xff, 0x0,
    0xf, 0xff, 0x0, 0x3f, 0xfc, 0x0, 0x3f, 0xfc,
    0x0, 0xff, 0xf0, 0x0, 0xff, 0xf0, 0x3, 0xff,
    0xc0, 0x3, 0xff, 0xc0, 0xf, 0xff, 0x0, 0xf,
    0xff, 0x0, 0x3f, 0xfc, 0x0, 0x3f, 0xfc, 0x0,
    0xff, 0xf0, 0x0, 0xff, 0xf0, 0x3, 0xff, 0xc0,
    0x3, 0xff, 0xc0, 0xf, 0xff, 0x0, 0x0, 0x7f,
    0xff, 0xff, 0x80, 0x0, 0x1, 0xff, 0xff, 0xfe,
    0x0, 0x0, 0x7, 0xff, 0xff, 0xf8, 0x0, 0x0,
    0x1f, 0xff, 0xff, 0xe0, 0x0, 0x0, 0x7f, 0xff,
    0xff, 0x80, 0x0, 0x1, 0xff, 0xff, 0xfe, 0x0,
    0x0, 0x7, 0xff, 0xff, 0xf8, 0x0, 0x0, 0x1f,
    0xff, 0xff, 0xe0, 0x0, 0x0, 0x7f, 0xff, 0xff,
    0x80, 0x0, 0x1, 0xff, 0xff, 0xfe, 0x0, 0x0,
    0x7, 0xff, 0xff, 0xf8, 0x0, 0x0, 0x0, 0x7f,
    0xf8, 0x0, 0x0, 0x0, 0x1, 0xff, 0xe0, 0x0,
    0x0, 0x0, 0x7, 0xff, 0x80, 0x0, 0x0, 0x0,
    0x1f, 0xfe, 0x0, 0x0, 0x0, 0x0, 0x7f, 0xf8,
    0x0, 0x0, 0x0, 0x1, 0xff, 0xe0, 0x0, 0x0,
    0x0, 0x7, 0xff, 0x80, 0x0, 0x0, 0x0, 0x1f,
    0xfe, 0x0, 0x0, 0x0, 0x0, 0x7f, 0xf8, 0x0,
    0x0, 0x0, 0x1, 0xff, 0xe0, 0x0, 0x0, 0x0,
    0x7, 0xff, 0x80, 0x0, 0x0, 0x0, 0x1f, 0xfe,
    0x0, 0x0, 0x0, 0x0, 0x7f, 0xf8, 0x0, 0x0,
    0x0, 0x1, 0xff, 0xe0, 0x0, 0x0, 0x0, 0x7,
    0xff, 0x80, 0x0, 0x0, 0x0, 0x1f, 0xfe, 0x0,
    0x0, 0x0, 0x0, 0x7f, 0xf8, 0x0, 0x0, 0x0,
    0x1, 0xff, 0xe0, 0x0, 0x0, 0x0, 0x7, 0xff,
    0x80, 0x0, 0x0, 0x0, 0x1f, 0xfe, 0x0, 0x0,
    0x0, 0x0, 0x7f, 0xf8, 0x0, 0x0, 0x0, 0x1,
    0xff, 0xe0, 0x0, 0x0, 0x0, 0x7, 0xff, 0x80,
    0x0, 0x0, 0x0, 0x1f, 0xfe, 0x0, 0x0, 0x0,
    0x0, 0x7f, 0xf8, 0x0, 0x0, 0x0, 0x1, 0xff,
    0xe0, 0x0, 0x0, 0x0, 0x7, 0xff, 0x80, 0x0,
    0x0, 0x0, 0x1f, 0xfe, 0x0, 0x0, 0x0, 0x0,
    0x7f, 0xf8, 0x0, 0x0, 0x0, 0x1, 0xff, 0xe0,
    0x0, 0x0, 0x0, 0x7, 0xff, 0x80, 0x0, 0x0,
    0x0, 0x1f, 0xfe, 0x0, 0x0, 0x0, 0x0, 0x7f,
    0xf8, 0x0, 0x0, 0x0, 0x1, 0xff, 0xe0, 0x0,
    0x0,

    /* U+005A "Z" */
    0xff, 0xff, 0xff, 0xff, 0xff, 0xff, 0xff, 0xff,
    0xff, 0xff, 0xff, 0xff, 0xff, 0xff, 0xff, 0xff,
    0xff, 0xff, 0xff, 0xff, 0xff, 0xff, 0xff, 0xff,
    0xff, 0xff, 0xff, 0xff, 0xff, 0xff, 0xff, 0xff,
    0xff, 0xff, 0xff, 0xff, 0xff, 0xff, 0xff, 0xff,
    0xff, 0xff, 0xff, 0xff, 0xff, 0xff, 0xff, 0xff,
    0xff, 0xff, 0xff, 0xff, 0xff, 0xff, 0xff, 0x0,
    0x0, 0x0, 0xf, 0xff, 0x0, 0x0, 0x0, 0xf,
    0xff, 0x0, 0x0, 0x0, 0xf, 0xff, 0x0, 0x0,
    0x0, 0xf, 0xff, 0x0, 0x0, 0x0, 0xf, 0xff,
    0x0, 0x0, 0x0, 0xf, 0xff, 0x0, 0x0, 0x0,
    0xf, 0xff, 0x0, 0x0, 0x0, 0xf, 0xff, 0x0,
    0x0, 0x0, 0xf, 0xff, 0x0, 0x0, 0x0, 0xf,
    0xff, 0x0, 0x0, 0x0, 0xf, 0xff, 0x0, 0x0,
    0x0, 0xff, 0xf0, 0x0, 0x0, 0x0, 0xff, 0xf0,
    0x0, 0x0, 0x0, 0xff, 0xf0, 0x0, 0x0, 0x0,
    0xff, 0xf0, 0x0, 0x0, 0x0, 0xff, 0xf0, 0x0,
    0x0, 0x0, 0xff, 0xf0, 0x0, 0x0, 0x0, 0xff,
    0xf0, 0x0, 0x0, 0x0, 0xff, 0xf0, 0x0, 0x0,
    0x0, 0xff, 0xf0, 0x0, 0x0, 0x0, 0xff, 0xf0,
    0x0, 0x0, 0x0, 0xff, 0xf0, 0x0, 0x0, 0xff,
    0xf0, 0x0, 0x0, 0x0, 0xff, 0xf0, 0x0, 0x0,
    0x0, 0xff, 0xf0, 0x0, 0x0, 0x0, 0xff, 0xf0,
    0x0, 0x0, 0x0, 0xff, 0xf0, 0x0, 0x0, 0x0,
    0xff, 0xf0, 0x0, 0x0, 0x0, 0xff, 0xf0, 0x0,
    0x0, 0x0, 0xff, 0xf0, 0x0, 0x0, 0x0, 0xff,
    0xf0, 0x0, 0x0, 0x0, 0xff, 0xf0, 0x0, 0x0,
    0x0, 0xff, 0xf0, 0x0, 0x1, 0xff, 0xe0, 0x0,
    0x0, 0x1, 0xff, 0xe0, 0x0, 0x0, 0x1, 0xff,
    0xe0, 0x0, 0x0, 0x1, 0xff, 0xe0, 0x0, 0x0,
    0x1, 0xff, 0xe0, 0x0, 0x0, 0x1, 0xff, 0xe0,
    0x0, 0x0, 0x1, 0xff, 0xe0, 0x0, 0x0, 0x1,
    0xff, 0xe0, 0x0, 0x0, 0x1, 0xff, 0xe0, 0x0,
    0x0, 0x1, 0xff, 0xe0, 0x0, 0x0, 0x1, 0xff,
    0xe0, 0x0, 0x0, 0xff, 0xf0, 0x0, 0x0, 0x0,
    0xff, 0xf0, 0x0, 0x0, 0x0, 0xff, 0xf0, 0x0,
    0x0, 0x0, 0xff, 0xf0, 0x0, 0x0, 0x0, 0xff,
    0xf0, 0x0, 0x0, 0x0, 0xff, 0xf0, 0x0, 0x0,
    0x0, 0xff, 0xf0, 0x0, 0x0, 0x0, 0xff, 0xf0,
    0x0, 0x0, 0x0, 0xff, 0xf0, 0x0, 0x0, 0x0,
    0xff, 0xf0, 0x0, 0x0, 0x0, 0xff, 0xf0, 0x0,
    0x0, 0x0, 0xff, 0xf0, 0x0, 0x0, 0x0, 0xff,
    0xff, 0xff, 0xff, 0xff, 0xff, 0xff, 0xff, 0xff,
    0xff, 0xff, 0xff, 0xff, 0xff, 0xff, 0xff, 0xff,
    0xff, 0xff, 0xff, 0xff, 0xff, 0xff, 0xff, 0xff,
    0xff, 0xff, 0xff, 0xff, 0xff, 0xff, 0xff, 0xff,
    0xff, 0xff, 0xff, 0xff, 0xff, 0xff, 0xff, 0xff,
    0xff, 0xff, 0xff, 0xff, 0xff, 0xff, 0xff, 0xff,
    0xff, 0xff, 0xff, 0xff, 0xff, 0xff,

    /* U+0061 "a" */
    0x0, 0x7f, 0xff, 0xff, 0xe0, 0x0, 0x1, 0xff,
    0xff, 0xff, 0x80, 0x0, 0x7, 0xff, 0xff, 0xfe,
    0x0, 0x0, 0x1f, 0xff, 0xff, 0xf8, 0x0, 0x0,
    0x7f, 0xff, 0xff, 0xe0, 0x0, 0x1, 0xff, 0xff,
    0xff, 0x80, 0x0, 0x7, 0xff, 0xff, 0xfe, 0x0,
    0x0, 0x1f, 0xff, 0xff, 0xf8, 0x0, 0x0, 0x7f,
    0xff, 0xff, 0xe0, 0x0, 0x1, 0xff, 0xff, 0xff,
    0x80, 0x0, 0x7, 0xff, 0xff, 0xfe, 0x0, 0x0,
    0x0, 0x0, 0x3, 0xff, 0xc0, 0x0, 0x0, 0x0,
    0xf, 0xff, 0x0, 0x0, 0x0, 0x0, 0x3f, 0xfc,
    0x0, 0x0, 0x0, 0x0, 0xff, 0xf0, 0x0, 0x0,
    0x0, 0x3, 0xff, 0xc0, 0x0, 0x0, 0x0, 0xf,
    0xff, 0x0, 0x0, 0x0, 0x0, 0x3f, 0xfc, 0x0,
    0x0, 0x0, 0x0, 0xff, 0xf0, 0x0, 0x0, 0x0,
    0x3, 0xff, 0xc0, 0x0, 0x0, 0x0, 0xf, 0xff,
    0x0, 0x0, 0x0, 0x0, 0x3f, 0xfc, 0x0, 0x3f,
    0xff, 0xff, 0xff, 0xf0, 0x1, 0xff, 0xff, 0xff,
    0xff, 0xc0, 0x7, 0xff, 0xff, 0xff, 0xff, 0x0,
    0x1f, 0xff, 0xff, 0xff, 0xfc, 0x0, 0x7f, 0xff,
    0xff, 0xff, 0xf0, 0x1, 0xff, 0xff, 0xff, 0xff,
    0xc0, 0x7, 0xff, 0xff, 0xff, 0xff, 0x0, 0x1f,
    0xff, 0xff, 0xff, 0xfc, 0x0, 0x7f, 0xff, 0xff,
    0xff, 0xf0, 0x1, 0xff, 0xff, 0xff, 0xff, 0xc0,
    0x7, 0xff, 0xff, 0xff, 0xff, 0x0, 0xf, 0xc0,
    0x0, 0x3f, 0xfc, 0xf, 0xff, 0x0, 0x0, 0xff,
    0xf0, 0x3f, 0xfc, 0x0, 0x3, 0xff, 0xc0, 0xff,
    0xf0, 0x0, 0xf, 0xff, 0x3, 0xff, 0xc0, 0x0,
    0x3f, 0xfc, 0xf, 0xff, 0x0, 0x0, 0xff, 0xf0,
    0x3f, 0xfc, 0x0, 0x3, 0xff, 0xc0, 0xff, 0xf0,
    0x0, 0xf, 0xff, 0x3, 0xff, 0xc0, 0x0, 0x3f,
    0xfc, 0xf, 0xff, 0x0, 0x0, 0xff, 0xf0, 0x3f,
    0xfc, 0x0, 0x3, 0xff, 0xc0, 0xff, 0xf0, 0x0,
    0xf, 0xff, 0x0, 0xf, 0xff, 0xff, 0xe0, 0xff,
    0xf0, 0x7f, 0xff, 0xff, 0x83, 0xff, 0xc1, 0xff,
    0xff, 0xfe, 0xf, 0xff, 0x7, 0xff, 0xff, 0xf8,
    0x3f, 0xfc, 0x1f, 0xff, 0xff, 0xe0, 0xff, 0xf0,
    0x7f, 0xff, 0xff, 0x83, 0xff, 0xc1, 0xff, 0xff,
    0xfe, 0xf, 0xff, 0x7, 0xff, 0xff, 0xf8, 0x3f,
    0xfc, 0x1f, 0xff, 0xff, 0xe0, 0xff, 0xf0, 0x7f,
    0xff, 0xff, 0x83, 0xff, 0xc0, 0xff, 0xff, 0xfe,
    0xf, 0xff,

    /* U+0062 "b" */
    0xff, 0xf0, 0x0, 0x0, 0x0, 0x3, 0xff, 0xc0,
    0x0, 0x0, 0x0, 0xf, 0xff, 0x0, 0x0, 0x0,
    0x0, 0x3f, 0xfc, 0x0, 0x0, 0x0, 0x0, 0xff,
    0xf0, 0x0, 0x0, 0x0, 0x3, 0xff, 0xc0, 0x0,
    0x0, 0x0, 0xf, 0xff, 0x0, 0x0, 0x0, 0x0,
    0x3f, 0xfc, 0x0, 0x0, 0x0, 0x0, 0xff, 0xf0,
    0x0, 0x0, 0x0, 0x3, 0xff, 0xc0, 0x0, 0x0,
    0x0, 0xf, 0xff, 0x0, 0x0, 0x0, 0x0, 0x3f,
    0xfc, 0x0, 0x0, 0x0, 0x0, 0xff, 0xf0, 0x0,
    0x0, 0x0, 0x3, 0xff, 0xc0, 0x0, 0x0, 0x0,
    0xf, 0xff, 0x0, 0x0, 0x0, 0x0, 0x3f, 0xfc,
    0x0, 0x0, 0x0, 0x0, 0xff, 0xf0, 0x0, 0x0,
    0x0, 0x3, 0xff, 0xc0, 0x0, 0x0, 0x0, 0xf,
    0xff, 0x0, 0x0, 0x0, 0x0, 0x3f, 0xfc, 0x0,
    0x0, 0x0, 0x0, 0xff, 0xf0, 0x0, 0x0, 0x0,
    0x3, 0xff, 0xc0, 0x0, 0x0, 0x0, 0xf, 0xff,
    0x7, 0xff, 0xfe, 0x0, 0x3f, 0xfc, 0x1f, 0xff,
    0xf8, 0x0, 0xff, 0xf0, 0x7f, 0xff, 0xe0, 0x3,
    0xff, 0xc1, 0xff, 0xff, 0x80, 0xf, 0xff, 0x7,
    0xff, 0xfe, 0x0, 0x3f, 0xfc, 0x1f, 0xff, 0xf8,
    0x0, 0xff, 0xf0, 0x7f, 0xff, 0xe0, 0x3, 0xff,
    0xc1, 0xff, 0xff, 0x80, 0xf, 0xff, 0x7, 0xff,
    0xfe, 0x0, 0x3f, 0xfc, 0x1f, 0xff, 0xf8, 0x0,
    0xff, 0xf0, 0x7f, 0xff, 0xe0, 0x3, 0xff, 0xff,
    0x0, 0x3f, 0xfc, 0xf, 0xff, 0xfc, 0x0, 0xff,
    0xf0, 0x3f, 0xff, 0xf0, 0x3, 0xff, 0xc0, 0xff,
    0xff, 0xc0, 0xf, 0xff, 0x3, 0xff, 0xff, 0x0,
    0x3f, 0xfc, 0xf, 0xff, 0xfc, 0x0, 0xff, 0xf0,
    0x3f, 0xff, 0xf0, 0x3, 0xff, 0xc0, 0xff, 0xff,
    0xc0, 0xf, 0xff, 0x3, 0xff, 0xff, 0x0, 0x3f,
    0xfc, 0xf, 0xff, 0xfc, 0x0, 0xff, 0xf0, 0x3f,
    0xff, 0xf0, 0x3, 0xff, 0xc0, 0xff, 0xf0, 0x0,
    0x0, 0x3f, 0xff, 0xff, 0xc0, 0x0, 0x0, 0xff,
    0xff, 0xff, 0x0, 0x0, 0x3, 0xff, 0xff, 0xfc,
    0x0, 0x0, 0xf, 0xff, 0xff, 0xf0, 0x0, 0x0,
    0x3f, 0xff, 0xff, 0xc0, 0x0, 0x0, 0xff, 0xff,
    0xff, 0x0, 0x0, 0x3, 0xff, 0xff, 0xfc, 0x0,
    0x0, 0xf, 0xff, 0xff, 0xf0, 0x0, 0x0, 0x3f,
    0xff, 0xff, 0xc0, 0x0, 0x0, 0xff, 0xff, 0xff,
    0x0, 0x0, 0x3, 0xff, 0xff, 0xfc, 0x0, 0x0,
    0xf, 0xc0, 0xff, 0xf0, 0x0, 0xf, 0xff, 0x3,
    0xff, 0xc0, 0x0, 0x3f, 0xfc, 0xf, 0xff, 0x0,
    0x0, 0xff, 0xf0, 0x3f, 0xfc, 0x0, 0x3, 0xff,
    0xc0, 0xff, 0xf0, 0x0, 0xf, 0xff, 0x3, 0xff,
    0xc0, 0x0, 0x3f, 0xfc, 0xf, 0xff, 0x0, 0x0,
    0xff, 0xf0, 0x3f, 0xfc, 0x0, 0x3, 0xff, 0xc0,
    0xff, 0xf0, 0x0, 0xf, 0xff, 0x3, 0xff, 0xc0,
    0x0, 0x3f, 0xfc, 0xf, 0xff, 0x0, 0x0, 0xff,
    0xf0, 0x3f, 0x87, 0xff, 0xfe, 0x0, 0x0, 0xfe,
    0x1f, 0xff, 0xf8, 0x0, 0x3, 0xf8, 0x7f, 0xff,
    0xe0, 0x0, 0xf, 0xe1, 0xff, 0xff, 0x80, 0x0,
    0x3f, 0x87, 0xff, 0xfe, 0x0, 0x0, 0xfe, 0x1f,
    0xff, 0xf8, 0x0, 0x3, 0xf8, 0x7f, 0xff, 0xe0,
    0x0, 0xf, 0xe1, 0xff, 0xff, 0x80, 0x0, 0x3f,
    0x87, 0xff, 0xfe, 0x0, 0x0, 0xfe, 0x1f, 0xff,
    0xf8, 0x0, 0x3, 0xf8, 0x7f, 0xff, 0xe0, 0x0,
    0x0,

    /* U+0063 "c" */
    0x0, 0x1f, 0xff, 0xff, 0xff, 0x0, 0x0, 0x7f,
    0xff, 0xff, 0xfc, 0x0, 0x1, 0xff, 0xff, 0xff,
    0xf0, 0x0, 0x7, 0xff, 0xff, 0xff, 0xc0, 0x0,
    0x1f, 0xff, 0xff, 0xff, 0x0, 0x0, 0x7f, 0xff,
    0xff, 0xfc, 0x0, 0x1, 0xff, 0xff, 0xff, 0xf0,
    0x0, 0x7, 0xff, 0xff, 0xff, 0xc0, 0x0, 0x1f,
    0xff, 0xff, 0xff, 0x0, 0x0, 0x7f, 0xff, 0xff,
    0xfc, 0x0, 0x1, 0xff, 0xff, 0xff, 0xf0, 0x0,
    0xff, 0xf0, 0x0, 0xf, 0xff, 0x3, 0xff, 0xc0,
    0x0, 0x3f, 0xfc, 0xf, 0xff, 0x0, 0x0, 0xff,
    0xf0, 0x3f, 0xfc, 0x0, 0x3, 0xff, 0xc0, 0xff,
    0xf0, 0x0, 0xf, 0xff, 0x3, 0xff, 0xc0, 0x0,
    0x3f, 0xfc, 0xf, 0xff, 0x0, 0x0, 0xff, 0xf0,
    0x3f, 0xfc, 0x0, 0x3, 0xff, 0xc0, 0xff, 0xf0,
    0x0, 0xf, 0xff, 0x3, 0xff, 0xc0, 0x0, 0x3f,
    0xfc, 0xf, 0xff, 0x0, 0x0, 0xff, 0xff, 0xff,
    0x0, 0x0, 0x0, 0x0, 0x3f, 0xfc, 0x0, 0x0,
    0x0, 0x0, 0xff, 0xf0, 0x0, 0x0, 0x0, 0x3,
    0xff, 0xc0, 0x0, 0x0, 0x0, 0xf, 0xff, 0x0,
    0x0, 0x0, 0x0, 0x3f, 0xfc, 0x0, 0x0, 0x0,
    0x0, 0xff, 0xf0, 0x0, 0x0, 0x0, 0x3, 0xff,
    0xc0, 0x0, 0x0, 0x0, 0xf, 0xff, 0x0, 0x0,
    0x0, 0x0, 0x3f, 0xfc, 0x0, 0x0, 0x0, 0x0,
    0xff, 0xf0, 0x0, 0x0, 0x0, 0x0, 0xf, 0xc0,
    0x0, 0x0, 0x0, 0x0, 0x3f, 0xfc, 0x0, 0x3,
    0xff, 0xc0, 0xff, 0xf0, 0x0, 0xf, 0xff, 0x3,
    0xff, 0xc0, 0x0, 0x3f, 0xfc, 0xf, 0xff, 0x0,
    0x0, 0xff, 0xf0, 0x3f, 0xfc, 0x0, 0x3, 0xff,
    0xc0, 0xff, 0xf0, 0x0, 0xf, 0xff, 0x3, 0xff,
    0xc0, 0x0, 0x3f, 0xfc, 0xf, 0xff, 0x0, 0x0,
    0xff, 0xf0, 0x3f, 0xfc, 0x0, 0x3, 0xff, 0xc0,
    0xff, 0xf0, 0x0, 0xf, 0xff, 0x3, 0xff, 0xc0,
    0x0, 0x3f, 0xfc, 0x0, 0x7f, 0xff, 0xff, 0xfc,
    0x0, 0x1, 0xff, 0xff, 0xff, 0xf0, 0x0, 0x7,
    0xff, 0xff, 0xff, 0xc0, 0x0, 0x1f, 0xff, 0xff,
    0xff, 0x0, 0x0, 0x7f, 0xff, 0xff, 0xfc, 0x0,
    0x1, 0xff, 0xff, 0xff, 0xf0, 0x0, 0x7, 0xff,
    0xff, 0xff, 0xc0, 0x0, 0x1f, 0xff, 0xff, 0xff,
    0x0, 0x0, 0x7f, 0xff, 0xff, 0xfc, 0x0, 0x1,
    0xff, 0xff, 0xff, 0xf0, 0x0, 0x7, 0xff, 0xff,
    0xff, 0xc0,

    /* U+0064 "d" */
    0x0, 0x0, 0x0, 0x0, 0x3f, 0xfc, 0x0, 0x0,
    0x0, 0x0, 0xff, 0xf0, 0x0, 0x0, 0x0, 0x3,
    0xff, 0xc0, 0x0, 0x0, 0x0, 0xf, 0xff, 0x0,
    0x0, 0x0, 0x0, 0x3f, 0xfc, 0x0, 0x0, 0x0,
    0x0, 0xff, 0xf0, 0x0, 0x0, 0x0, 0x3, 0xff,
    0xc0, 0x0, 0x0, 0x0, 0xf, 0xff, 0x0, 0x0,
    0x0, 0x0, 0x3f, 0xfc, 0x0, 0x0, 0x0, 0x0,
    0xff, 0xf0, 0x0, 0x0, 0x0, 0x3, 0xff, 0xc0,
    0x0, 0x0, 0x0, 0xf, 0xff, 0x0, 0x0, 0x0,
    0x0, 0x3f, 0xfc, 0x0, 0x0, 0x0, 0x0, 0xff,
    0xf0, 0x0, 0x0, 0x0, 0x3, 0xff, 0xc0, 0x0,
    0x0, 0x0, 0xf, 0xff, 0x0, 0x0, 0x0, 0x0,
    0x3f, 0xfc, 0x0, 0x0, 0x0, 0x0, 0xff, 0xf0,
    0x0, 0x0, 0x0, 0x3, 0xff, 0xc0, 0x0, 0x0,
    0x0, 0xf, 0xff, 0x0, 0x0, 0x0, 0x0, 0x3f,
    0xfc, 0x0, 0x0, 0x0, 0x0, 0xff, 0xf0, 0x0,
    0xff, 0xff, 0x3, 0xff, 0xc0, 0x7, 0xff, 0xfc,
    0xf, 0xff, 0x0, 0x1f, 0xff, 0xf0, 0x3f, 0xfc,
    0x0, 0x7f, 0xff, 0xc0, 0xff, 0xf0, 0x1, 0xff,
    0xff, 0x3, 0xff, 0xc0, 0x7, 0xff, 0xfc, 0xf,
    0xff, 0x0, 0x1f, 0xff, 0xf0, 0x3f, 0xfc, 0x0,
    0x7f, 0xff, 0xc0, 0xff, 0xf0, 0x1, 0xff, 0xff,
    0x3, 0xff, 0xc0, 0x7, 0xff, 0xfc, 0xf, 0xff,
    0x0, 0xf, 0xff, 0xf0, 0x3f, 0xfc, 0x3f, 0xe0,
    0x0, 0xf, 0xff, 0xf0, 0xff, 0xc0, 0x0, 0x7f,
    0xff, 0xc3, 0xff, 0x0, 0x1, 0xff, 0xff, 0xf,
    0xfc, 0x0, 0x7, 0xff, 0xfc, 0x3f, 0xf0, 0x0,
    0x1f, 0xff, 0xf0, 0xff, 0xc0, 0x0, 0x7f, 0xff,
    0xc3, 0xff, 0x0, 0x1, 0xff, 0xff, 0xf, 0xfc,
    0x0, 0x7, 0xff, 0xfc, 0x3f, 0xf0, 0x0, 0x1f,
    0xff, 0xf0, 0xff, 0xc0, 0x0, 0x7f, 0xff, 0xc3,
    0xfe, 0x0, 0x0, 0xff, 0xff, 0xff, 0x80, 0x0,
    0x0, 0x3f, 0xff, 0xff, 0x0, 0x0, 0x0, 0xff,
    0xff, 0xfc, 0x0, 0x0, 0x3, 0xff, 0xff, 0xf0,
    0x0, 0x0, 0xf, 0xff, 0xff, 0xc0, 0x0, 0x0,
    0x3f, 0xff, 0xff, 0x0, 0x0, 0x0, 0xff, 0xff,
    0xfc, 0x0, 0x0, 0x3, 0xff, 0xff, 0xf0, 0x0,
    0x0, 0xf, 0xff, 0xff, 0xc0, 0x0, 0x0, 0x3f,
    0xff, 0xff, 0x0, 0x0, 0x0, 0xff, 0xff, 0xfc,
    0x0, 0x0, 0x3, 0xff, 0xc3, 0xe0, 0x0, 0x0,
    0xf, 0xff, 0xf, 0xf8, 0x0, 0x3, 0xff, 0xfc,
    0x3f, 0xf0, 0x0, 0x1f, 0xff, 0xf0, 0xff, 0xc0,
    0x0, 0x7f, 0xff, 0xc3, 0xff, 0x0, 0x1, 0xff,
    0xff, 0xf, 0xfc, 0x0, 0x7, 0xff, 0xfc, 0x3f,
    0xf0, 0x0, 0x1f, 0xff, 0xf0, 0xff, 0xc0, 0x0,
    0x7f, 0xff, 0xc3, 0xff, 0x0, 0x1, 0xff, 0xff,
    0xf, 0xfc, 0x0, 0x7, 0xff, 0xfc, 0x3f, 0xf0,
    0x0, 0x1f, 0xff, 0xf0, 0x7f, 0x80, 0x0, 0x3f,
    0xff, 0xc0, 0x3, 0xff, 0xfc, 0xf, 0xff, 0x0,
    0x1f, 0xff, 0xf0, 0x3f, 0xfc, 0x0, 0x7f, 0xff,
    0xc0, 0xff, 0xf0, 0x1, 0xff, 0xff, 0x3, 0xff,
    0xc0, 0x7, 0xff, 0xfc, 0xf, 0xff, 0x0, 0x1f,
    0xff, 0xf0, 0x3f, 0xfc, 0x0, 0x7f, 0xff, 0xc0,
    0xff, 0xf0, 0x1, 0xff, 0xff, 0x3, 0xff, 0xc0,
    0x7, 0xff, 0xfc, 0xf, 0xff, 0x0, 0x1f, 0xff,
    0xf0, 0x3f, 0xfc, 0x0, 0x3f, 0xff, 0xc0, 0xff,
    0xf0,

    /* U+0065 "e" */
    0x0, 0x1f, 0xff, 0xff, 0xff, 0x0, 0x0, 0x7f,
    0xff, 0xff, 0xfc, 0x0, 0x1, 0xff, 0xff, 0xff,
    0xf0, 0x0, 0x7, 0xff, 0xff, 0xff, 0xc0, 0x0,
    0x1f, 0xff, 0xff, 0xff, 0x0, 0x0, 0x7f, 0xff,
    0xff, 0xfc, 0x0, 0x1, 0xff, 0xff, 0xff, 0xf0,
    0x0, 0x7, 0xff, 0xff, 0xff, 0xc0, 0x0, 0x1f,
    0xff, 0xff, 0xff, 0x0, 0x0, 0x7f, 0xff, 0xff,
    0xfc, 0x0, 0x1, 0xff, 0xff, 0xff, 0xf0, 0x3,
    0xff, 0xc0, 0x0, 0xf, 0xff, 0xf, 0xff, 0x0,
    0x0, 0x3f, 0xfc, 0x3f, 0xfc, 0x0, 0x0, 0xff,
    0xf0, 0xff, 0xf0, 0x0, 0x3, 0xff, 0xc3, 0xff,
    0xc0, 0x0, 0xf, 0xff, 0xf, 0xff, 0x0, 0x0,
    0x3f, 0xfc, 0x3f, 0xfc, 0x0, 0x0, 0xff, 0xf0,
    0xff, 0xf0, 0x0, 0x3, 0xff, 0xc3, 0xff, 0xc0,
    0x0, 0xf, 0xff, 0xf, 0xff, 0x0, 0x0, 0x3f,
    0xfc, 0x3f, 0xfc, 0x0, 0x0, 0xff, 0xff, 0xff,
    0xff, 0xff, 0xff, 0xff, 0xff, 0xff, 0xff, 0xff,
    0xff, 0xff, 0xff, 0xff, 0xff, 0xff, 0xff, 0xff,
    0xff, 0xff, 0xff, 0xff, 0xff, 0xff, 0xff, 0xff,
    0xff, 0xff, 0xff, 0xff, 0xff, 0xff, 0xff, 0xff,
    0xff, 0xff, 0xff, 0xff, 0xff, 0xff, 0xff, 0xff,
    0xff, 0xff, 0xff, 0xff, 0xff, 0xff, 0xff, 0xff,
    0xff, 0xff, 0xff, 0xff, 0xff, 0xff, 0xff, 0xff,
    0xff, 0xff, 0xff, 0xff, 0xff, 0xfc, 0x3f, 0xfc,
    0x0, 0x0, 0x0, 0x0, 0xff, 0xf0, 0x0, 0x0,
    0x0, 0x3, 0xff, 0xc0, 0x0, 0x0, 0x0, 0xf,
    0xff, 0x0, 0x0, 0x0, 0x0, 0x3f, 0xfc, 0x0,
    0x0, 0x0, 0x0, 0xff, 0xf0, 0x0, 0x0, 0x0,
    0x3, 0xff, 0xc0, 0x0, 0x0, 0x0, 0xf, 0xff,
    0x0, 0x0, 0x0, 0x0, 0x3f, 0xfc, 0x0, 0x0,
    0x0, 0x0, 0xff, 0xf0, 0x0, 0x0, 0x0, 0x3,
    0xff, 0xc0, 0x0, 0x0, 0x0, 0x0, 0x1f, 0x0,
    0x0, 0x0, 0x0, 0x0, 0x7f, 0xff, 0xff, 0xfc,
    0x0, 0x1, 0xff, 0xff, 0xff, 0xf0, 0x0, 0x7,
    0xff, 0xff, 0xff, 0xc0, 0x0, 0x1f, 0xff, 0xff,
    0xff, 0x0, 0x0, 0x7f, 0xff, 0xff, 0xfc, 0x0,
    0x1, 0xff, 0xff, 0xff, 0xf0, 0x0, 0x7, 0xff,
    0xff, 0xff, 0xc0, 0x0, 0x1f, 0xff, 0xff, 0xff,
    0x0, 0x0, 0x7f, 0xff, 0xff, 0xfc, 0x0, 0x1,
    0xff, 0xff, 0xff, 0xf0, 0x0, 0x7, 0xff, 0xff,
    0xff, 0xc0,

    /* U+0066 "f" */
    0x0, 0x1f, 0xff, 0xff, 0xe0, 0x3, 0xff, 0xff,
    0xfc, 0x0, 0x7f, 0xff, 0xff, 0x80, 0xf, 0xff,
    0xff, 0xf0, 0x1, 0xff, 0xff, 0xfe, 0x0, 0x3f,
    0xff, 0xff, 0xc0, 0x7, 0xff, 0xff, 0xf8, 0x0,
    0xff, 0xff, 0xff, 0x0, 0x1f, 0xff, 0xff, 0xe0,
    0x3, 0xff, 0xff, 0xfc, 0x0, 0x7f, 0xff, 0xff,
    0x81, 0xff, 0xe0, 0x0, 0x0, 0x3f, 0xfc, 0x0,
    0x0, 0x7, 0xff, 0x80, 0x0, 0x0, 0xff, 0xf0,
    0x0, 0x0, 0x1f, 0xfe, 0x0, 0x0, 0x3, 0xff,
    0xc0, 0x0, 0x0, 0x7f, 0xf8, 0x0, 0x0, 0xf,
    0xff, 0x0, 0x0, 0x1, 0xff, 0xe0, 0x0, 0x0,
    0x3f, 0xfc, 0x0, 0x0, 0x7, 0xff, 0x80, 0x0,
    0x3f, 0xff, 0xff, 0xff, 0xff, 0xff, 0xff, 0xff,
    0xff, 0xff, 0xff, 0xff, 0xff, 0xff, 0xff, 0xff,
    0xff, 0xff, 0xff, 0xff, 0xff, 0xff, 0xff, 0xff,
    0xff, 0xff, 0xff, 0xff, 0xff, 0xff, 0xff, 0xff,
    0xff, 0xff, 0xff, 0xff, 0xff, 0xff, 0xff, 0xff,
    0xff, 0xff, 0xff, 0xff, 0xff, 0xff, 0xff, 0xff,
    0xe0, 0x7f, 0xf8, 0x0, 0x0, 0xf, 0xff, 0x0,
    0x0, 0x1, 0xff, 0xe0, 0x0, 0x0, 0x3f, 0xfc,
    0x0, 0x0, 0x7, 0xff, 0x80, 0x0, 0x0, 0xff,
    0xf0, 0x0, 0x0, 0x1f, 0xfe, 0x0, 0x0, 0x3,
    0xff, 0xc0, 0x0, 0x0, 0x7f, 0xf8, 0x0, 0x0,
    0xf, 0xff, 0x0, 0x0, 0x1, 0xff, 0xe0, 0x0,
    0x0, 0x3f, 0xf8, 0x0, 0x0, 0x7, 0xff, 0x80,
    0x0, 0x0, 0xff, 0xf0, 0x0, 0x0, 0x1f, 0xfe,
    0x0, 0x0, 0x3, 0xff, 0xc0, 0x0, 0x0, 0x7f,
    0xf8, 0x0, 0x0, 0xf, 0xff, 0x0, 0x0, 0x1,
    0xff, 0xe0, 0x0, 0x0, 0x3f, 0xfc, 0x0, 0x0,
    0x7, 0xff, 0x80, 0x0, 0x0, 0xff, 0xf0, 0x0,
    0x0, 0x1f, 0xfc, 0x0, 0x0, 0x3, 0xff, 0xc0,
    0x0, 0x0, 0x7f, 0xf8, 0x0, 0x0, 0xf, 0xff,
    0x0, 0x0, 0x1, 0xff, 0xe0, 0x0, 0x0, 0x3f,
    0xfc, 0x0, 0x0, 0x7, 0xff, 0x80, 0x0, 0x0,
    0xff, 0xf0, 0x0, 0x0, 0x1f, 0xfe, 0x0, 0x0,
    0x3, 0xff, 0xc0, 0x0, 0x0, 0x7f, 0xf8, 0x0,
    0x0, 0xf, 0xff, 0x0, 0x0, 0x7f, 0xff, 0xff,
    0xfc, 0xf, 0xff, 0xff, 0xff, 0x81, 0xff, 0xff,
    0xff, 0xf0, 0x3f, 0xff, 0xff, 0xfe, 0x7, 0xff,
    0xff, 0xff, 0xc0, 0xff, 0xff, 0xff, 0xf8, 0x1f,
    0xff, 0xff, 0xff, 0x3, 0xff, 0xff, 0xff, 0xe0,
    0x7f, 0xff, 0xff, 0xfc, 0xf, 0xff, 0xff, 0xff,
    0x81, 0xff, 0xff, 0xff, 0xf0, 0x0,

    /* U+0067 "g" */
    0x0, 0x1f, 0xff, 0xff, 0xff, 0xfc, 0x0, 0x7f,
    0xff, 0xff, 0xff, 0xf0, 0x1, 0xff, 0xff, 0xff,
    0xff, 0xc0, 0x7, 0xff, 0xff, 0xff, 0xff, 0x0,
    0x1f, 0xff, 0xff, 0xff, 0xfc, 0x0, 0x7f, 0xff,
    0xff, 0xff, 0xf0, 0x1, 0xff, 0xff, 0xff, 0xff,
    0xc0, 0x7, 0xff, 0xff, 0xff, 0xff, 0x0, 0x1f,
    0xff, 0xff, 0xff, 0xfc, 0x0, 0x7f, 0xff, 0xff,
    0xff, 0xf0, 0x1, 0xff, 0xff, 0xff, 0xff, 0xc3,
    0xff, 0xc0, 0x0, 0xf, 0xff, 0xf, 0xff, 0x0,
    0x0, 0x3f, 0xfc, 0x3f, 0xfc, 0x0, 0x0, 0xff,
    0xf0, 0xff, 0xf0, 0x0, 0x3, 0xff, 0xc3, 0xff,
    0xc0, 0x0, 0xf, 0xff, 0xf, 0xff, 0x0, 0x0,
    0x3f, 0xfc, 0x3f, 0xfc, 0x0, 0x0, 0xff, 0xf0,
    0xff, 0xf0, 0x0, 0x3, 0xff, 0xc3, 0xff, 0xc0,
    0x0, 0xf, 0xff, 0xf, 0xff, 0x0, 0x0, 0x3f,
    0xfc, 0x3f, 0xfc, 0x0, 0x0, 0xff, 0xff, 0xff,
    0x0, 0x0, 0x3, 0xff, 0xff, 0xfc, 0x0, 0x0,
    0xf, 0xff, 0xff, 0xf0, 0x0, 0x0, 0x3f, 0xff,
    0xff, 0xc0, 0x0, 0x0, 0xff, 0xff, 0xff, 0x0,
    0x0, 0x3, 0xff, 0xff, 0xfc, 0x0, 0x0, 0xf,
    0xff, 0xff, 0xf0, 0x0, 0x0, 0x3f, 0xff, 0xff,
    0xc0, 0x0, 0x0, 0xff, 0xff, 0xff, 0x0, 0x0,
    0x3, 0xff, 0xff, 0xfc, 0x0, 0x0, 0xf, 0xff,
    0xff, 0xf0, 0x0, 0x0, 0x3f, 0xfc, 0x3f, 0xfc,
    0x0, 0x3f, 0xff, 0xf0, 0xff, 0xf0, 0x0, 0xff,
    0xff, 0xc3, 0xff, 0xc0, 0x3, 0xff, 0xff, 0xf,
    0xff, 0x0, 0xf, 0xff, 0xfc, 0x3f, 0xfc, 0x0,
    0x3f, 0xff, 0xf0, 0xff, 0xf0, 0x0, 0xff, 0xff,
    0xc3, 0xff, 0xc0, 0x3, 0xff, 0xff, 0xf, 0xff,
    0x0, 0xf, 0xff, 0xfc, 0x3f, 0xfc, 0x0, 0x3f,
    0xff, 0xf0, 0xff, 0xf0, 0x0, 0xff, 0xff, 0xc3,
    0xff, 0xc0, 0x3, 0xff, 0xff, 0x0, 0x1f, 0x0,
    0x0, 0x3f, 0xfc, 0x0, 0x7f, 0xff, 0xe0, 0xff,
    0xf0, 0x1, 0xff, 0xff, 0x83, 0xff, 0xc0, 0x7,
    0xff, 0xfe, 0xf, 0xff, 0x0, 0x1f, 0xff, 0xf8,
    0x3f, 0xfc, 0x0, 0x7f, 0xff, 0xe0, 0xff, 0xf0,
    0x1, 0xff, 0xff, 0x83, 0xff, 0xc0, 0x7, 0xff,
    0xfe, 0xf, 0xff, 0x0, 0x1f, 0xff, 0xf8, 0x3f,
    0xfc, 0x0, 0x7f, 0xff, 0xe0, 0xff, 0xf0, 0x1,
    0xff, 0xff, 0x83, 0xff, 0xc0, 0x7, 0xff, 0xfe,
    0xf, 0xff, 0x0, 0x0, 0x0, 0xf, 0xff, 0x0,
    0x0, 0x0, 0x0, 0x3f, 0xfc, 0x0, 0x0, 0x0,
    0x0, 0xff, 0xf0, 0x0, 0x0, 0x0, 0x3, 0xff,
    0xc0, 0x0, 0x0, 0x0, 0xf, 0xff, 0x0, 0x0,
    0x0, 0x0, 0x3f, 0xfc, 0x0, 0x0, 0x0, 0x0,
    0xff, 0xf0, 0x0, 0x0, 0x0, 0x3, 0xff, 0xc0,
    0x0, 0x0, 0x0, 0xf, 0xff, 0x0, 0x0, 0x0,
    0x0, 0x3f, 0xfc, 0x0, 0x0, 0x0, 0x0, 0xff,
    0xf0, 0x0, 0x7, 0xff, 0xff, 0xf8, 0x0, 0x0,
    0x1f, 0xff, 0xff, 0xe0, 0x0, 0x0, 0x7f, 0xff,
    0xff, 0x80, 0x0, 0x1, 0xff, 0xff, 0xfe, 0x0,
    0x0, 0x7, 0xff, 0xff, 0xf8, 0x0, 0x0, 0x1f,
    0xff, 0xff, 0xe0, 0x0, 0x0, 0x7f, 0xff, 0xff,
    0x80, 0x0, 0x1, 0xff, 0xff, 0xfe, 0x0, 0x0,
    0x7, 0xff, 0xff, 0xf8, 0x0, 0x0, 0x1f, 0xff,
    0xff, 0xe0, 0x0, 0x0, 0x7f, 0xff, 0xff, 0x80,
    0x0,

    /* U+0068 "h" */
    0xff, 0xf0, 0x0, 0x0, 0x0, 0x3, 0xff, 0xc0,
    0x0, 0x0, 0x0, 0xf, 0xff, 0x0, 0x0, 0x0,
    0x0, 0x3f, 0xfc, 0x0, 0x0, 0x0, 0x0, 0xff,
    0xf0, 0x0, 0x0, 0x0, 0x3, 0xff, 0xc0, 0x0,
    0x0, 0x0, 0xf, 0xff, 0x0, 0x0, 0x0, 0x0,
    0x3f, 0xfc, 0x0, 0x0, 0x0, 0x0, 0xff, 0xf0,
    0x0, 0x0, 0x0, 0x3, 0xff, 0xc0, 0x0, 0x0,
    0x0, 0xf, 0xff, 0x0, 0x0, 0x0, 0x0, 0x3f,
    0xfc, 0x0, 0x0, 0x0, 0x0, 0xff, 0xf0, 0x0,
    0x0, 0x0, 0x3, 0xff, 0xc0, 0x0, 0x0, 0x0,
    0xf, 0xff, 0x0, 0x0, 0x0, 0x0, 0x3f, 0xfc,
    0x0, 0x0, 0x0, 0x0, 0xff, 0xf0, 0x0, 0x0,
    0x0, 0x3, 0xff, 0xc0, 0x0, 0x0, 0x0, 0xf,
    0xff, 0x0, 0x0, 0x0, 0x0, 0x3f, 0xfc, 0x0,
    0x0, 0x0, 0x0, 0xff, 0xf0, 0x0, 0x0, 0x0,
    0x3, 0xff, 0xc0, 0x0, 0x0, 0x0, 0xf, 0xff,
    0xf, 0xff, 0xff, 0xe0, 0x3f, 0xfc, 0x7f, 0xff,
    0xff, 0x80, 0xff, 0xf1, 0xff, 0xff, 0xfe, 0x3,
    0xff, 0xc7, 0xff, 0xff, 0xf8, 0xf, 0xff, 0x1f,
    0xff, 0xff, 0xe0, 0x3f, 0xfc, 0x7f, 0xff, 0xff,
    0x80, 0xff, 0xf1, 0xff, 0xff, 0xfe, 0x3, 0xff,
    0xc7, 0xff, 0xff, 0xf8, 0xf, 0xff, 0x1f, 0xff,
    0xff, 0xe0, 0x3f, 0xfc, 0x7f, 0xff, 0xff, 0x80,
    0xff, 0xf0, 0xff, 0xff, 0xfe, 0x3, 0xff, 0xfc,
    0x0, 0x0, 0xff, 0xff, 0xff, 0xf8, 0x0, 0x3,
    0xff, 0xff, 0xff, 0xe0, 0x0, 0xf, 0xff, 0xff,
    0xff, 0x80, 0x0, 0x3f, 0xff, 0xff, 0xfe, 0x0,
    0x0, 0xff, 0xff, 0xff, 0xf8, 0x0, 0x3, 0xff,
    0xff, 0xff, 0xe0, 0x0, 0xf, 0xff, 0xff, 0xff,
    0x80, 0x0, 0x3f, 0xff, 0xff, 0xfe, 0x0, 0x0,
    0xff, 0xff, 0xff, 0xf8, 0x0, 0x3, 0xff, 0xff,
    0xff, 0xc0, 0x0, 0xf, 0xff, 0xff, 0xf0, 0x0,
    0x0, 0x3f, 0xff, 0xff, 0xc0, 0x0, 0x0, 0xff,
    0xff, 0xff, 0x0, 0x0, 0x3, 0xff, 0xff, 0xfc,
    0x0, 0x0, 0xf, 0xff, 0xff, 0xf0, 0x0, 0x0,
    0x3f, 0xff, 0xff, 0xc0, 0x0, 0x0, 0xff, 0xff,
    0xff, 0x0, 0x0, 0x3, 0xff, 0xff, 0xfc, 0x0,
    0x0, 0xf, 0xff, 0xff, 0xf0, 0x0, 0x0, 0x3f,
    0xff, 0xff, 0xc0, 0x0, 0x0, 0xff, 0xff, 0xff,
    0x0, 0x0, 0x3, 0xff, 0xff, 0xf8, 0x0, 0x0,
    0xf, 0xfe, 0xff, 0xf0, 0x0, 0x0, 0x3f, 0xff,
    0xff, 0xc0, 0x0, 0x0, 0xff, 0xff, 0xff, 0x0,
    0x0, 0x3, 0xff, 0xff, 0xfc, 0x0, 0x0, 0xf,
    0xff, 0xff, 0xf0, 0x0, 0x0, 0x3f, 0xff, 0xff,
    0xc0, 0x0, 0x0, 0xff, 0xff, 0xff, 0x0, 0x0,
    0x3, 0xff, 0xff, 0xfc, 0x0, 0x0, 0xf, 0xff,
    0xff, 0xf0, 0x0, 0x0, 0x3f, 0xff, 0xff, 0xc0,
    0x0, 0x0, 0xff, 0xf7, 0xfe, 0x0, 0x0, 0x3,
    0xff, 0xbf, 0xfc, 0x0, 0x0, 0xf, 0xff, 0xff,
    0xf0, 0x0, 0x0, 0x3f, 0xff, 0xff, 0xc0, 0x0,
    0x0, 0xff, 0xff, 0xff, 0x0, 0x0, 0x3, 0xff,
    0xff, 0xfc, 0x0, 0x0, 0xf, 0xff, 0xff, 0xf0,
    0x0, 0x0, 0x3f, 0xff, 0xff, 0xc0, 0x0, 0x0,
    0xff, 0xff, 0xff, 0x0, 0x0, 0x3, 0xff, 0xff,
    0xfc, 0x0, 0x0, 0xf, 0xff, 0xff, 0xf0, 0x0,
    0x0, 0x3f, 0xff, 0xff, 0xc0, 0x0, 0x0, 0xff,
    0xf0,

    /* U+0069 "i" */
    0x0, 0xf, 0xff, 0x0, 0x0, 0x1, 0xff, 0xe0,
    0x0, 0x0, 0x3f, 0xfc, 0x0, 0x0, 0x7, 0xff,
    0x80, 0x0, 0x0, 0xff, 0xf0, 0x0, 0x0, 0x1f,
    0xfe, 0x0, 0x0, 0x3, 0xff, 0xc0, 0x0, 0x0,
    0x7f, 0xf8, 0x0, 0x0, 0xf, 0xff, 0x0, 0x0,
    0x1, 0xff, 0xe0, 0x0, 0x0, 0x3f, 0xfc, 0x0,
    0x0, 0x0, 0x0, 0x0, 0x0, 0x0, 0x0, 0x0,
    0x0, 0x0, 0x0, 0x0, 0x0, 0x0, 0x0, 0x0,
    0x0, 0x0, 0x0, 0x0, 0x0, 0x0, 0x0, 0x0,
    0x0, 0x0, 0x0, 0x0, 0x0, 0x0, 0x0, 0x0,
    0x0, 0x0, 0x0, 0x0, 0x0, 0x0, 0x0, 0x0,
    0x0, 0x0, 0x0, 0x0, 0x0, 0x0, 0x0, 0x0,
    0x7, 0xff, 0xff, 0xc0, 0x0, 0xff, 0xff, 0xf8,
    0x0, 0x1f, 0xff, 0xff, 0x0, 0x3, 0xff, 0xff,
    0xe0, 0x0, 0x7f, 0xff, 0xfc, 0x0, 0xf, 0xff,
    0xff, 0x80, 0x1, 0xff, 0xff, 0xf0, 0x0, 0x3f,
    0xff, 0xfe, 0x0, 0x7, 0xff, 0xff, 0xc0, 0x0,
    0xff, 0xff, 0xf8, 0x0, 0x1f, 0xff, 0xff, 0x0,
    0x0, 0x1, 0xff, 0xe0, 0x0, 0x0, 0x3f, 0xfc,
    0x0, 0x0, 0x7, 0xff, 0x80, 0x0, 0x0, 0xff,
    0xf0, 0x0, 0x0, 0x1f, 0xfe, 0x0, 0x0, 0x3,
    0xff, 0xc0, 0x0, 0x0, 0x7f, 0xf8, 0x0, 0x0,
    0xf, 0xff, 0x0, 0x0, 0x1, 0xff, 0xe0, 0x0,
    0x0, 0x3f, 0xfc, 0x0, 0x0, 0x7, 0xff, 0x80,
    0x0, 0x0, 0xff, 0xe0, 0x0, 0x0, 0x1f, 0xfe,
    0x0, 0x0, 0x3, 0xff, 0xc0, 0x0, 0x0, 0x7f,
    0xf8, 0x0, 0x0, 0xf, 0xff, 0x0, 0x0, 0x1,
    0xff, 0xe0, 0x0, 0x0, 0x3f, 0xfc, 0x0, 0x0,
    0x7, 0xff, 0x80, 0x0, 0x0, 0xff, 0xf0, 0x0,
    0x0, 0x1f, 0xfe, 0x0, 0x0, 0x3, 0xff, 0xc0,
    0x0, 0x0, 0x3f, 0xf0, 0x0, 0x0, 0xf, 0xff,
    0x0, 0x0, 0x1, 0xff, 0xe0, 0x0, 0x0, 0x3f,
    0xfc, 0x0, 0x0, 0x7, 0xff, 0x80, 0x0, 0x0,
    0xff, 0xf0, 0x0, 0x0, 0x1f, 0xfe, 0x0, 0x0,
    0x3, 0xff, 0xc0, 0x0, 0x0, 0x7f, 0xf8, 0x0,
    0x0, 0xf, 0xff, 0x0, 0x0, 0x1, 0xff, 0xe0,
    0x0, 0x0, 0x3f, 0xfc, 0x0, 0x7f, 0xff, 0xff,
    0xff, 0xff, 0xff, 0xff, 0xff, 0xff, 0xff, 0xff,
    0xff, 0xff, 0xff, 0xff, 0xff, 0xff, 0xff, 0xff,
    0xff, 0xff, 0xff, 0xff, 0xff, 0xff, 0xff, 0xff,
    0xff, 0xff, 0xff, 0xff, 0xff, 0xff, 0xff, 0xff,
    0xff, 0xff, 0xff, 0xff, 0xff, 0xff, 0xff, 0xff,
    0xff, 0xff, 0xff, 0xff, 0xff, 0xc0,

    /* U+006A "j" */
    0x0, 0x0, 0x7f, 0xf8, 0x0, 0x3, 0xff, 0xc0,
    0x0, 0x1f, 0xfe, 0x0, 0x0, 0xff, 0xf0, 0x0,
    0x7, 0xff, 0x80, 0x0, 0x3f, 0xfc, 0x0, 0x1,
    0xff, 0xe0, 0x0, 0xf, 0xff, 0x0, 0x0, 0x7f,
    0xf8, 0x0, 0x3, 0xff, 0xc0, 0x0, 0x1f, 0xfe,
    0x0, 0x0, 0x0, 0x0, 0x0, 0x0, 0x0, 0x0,
    0x0, 0x0, 0x0, 0x0, 0x0, 0x0, 0x0, 0x0,
    0x0, 0x0, 0x0, 0x0, 0x0, 0x0, 0x0, 0x0,
    0x0, 0x0, 0x0, 0x0, 0x0, 0x0, 0x0, 0x0,
    0x0, 0x0, 0x0, 0x0, 0x0, 0x0, 0x0, 0x0,
    0x1f, 0xff, 0xff, 0xe0, 0xff, 0xff, 0xff, 0x7,
    0xff, 0xff, 0xf8, 0x3f, 0xff, 0xff, 0xc1, 0xff,
    0xff, 0xfe, 0xf, 0xff, 0xff, 0xf0, 0x7f, 0xff,
    0xff, 0x83, 0xff, 0xff, 0xfc, 0x1f, 0xff, 0xff,
    0xe0, 0xff, 0xff, 0xff, 0x7, 0xff, 0xff, 0xf8,
    0x0, 0x3, 0xff, 0xc0, 0x0, 0x1f, 0xfe, 0x0,
    0x0, 0xff, 0xf0, 0x0, 0x7, 0xff, 0x80, 0x0,
    0x3f, 0xfc, 0x0, 0x1, 0xff, 0xe0, 0x0, 0xf,
    0xff, 0x0, 0x0, 0x7f, 0xf8, 0x0, 0x3, 0xff,
    0xc0, 0x0, 0x1f, 0xfe, 0x0, 0x0, 0xff, 0xf0,
    0x0, 0x7, 0xff, 0x0, 0x0, 0x3f, 0xfc, 0x0,
    0x1, 0xff, 0xe0, 0x0, 0xf, 0xff, 0x0, 0x0,
    0x7f, 0xf8, 0x0, 0x3, 0xff, 0xc0, 0x0, 0x1f,
    0xfe, 0x0, 0x0, 0xff, 0xf0, 0x0, 0x7, 0xff,
    0x80, 0x0, 0x3f, 0xfc, 0x0, 0x1, 0xff, 0xe0,
    0x0, 0xf, 0xfe, 0x0, 0x0, 0x7f, 0xf8, 0x0,
    0x3, 0xff, 0xc0, 0x0, 0x1f, 0xfe, 0x0, 0x0,
    0xff, 0xf0, 0x0, 0x7, 0xff, 0x80, 0x0, 0x3f,
    0xfc, 0x0, 0x1, 0xff, 0xe0, 0x0, 0xf, 0xff,
    0x0, 0x0, 0x7f, 0xf8, 0x0, 0x3, 0xff, 0xc0,
    0x0, 0x1f, 0xfc, 0x0, 0x0, 0xff, 0xf0, 0x0,
    0x7, 0xff, 0x80, 0x0, 0x3f, 0xfc, 0x0, 0x1,
    0xff, 0xe0, 0x0, 0xf, 0xff, 0x0, 0x0, 0x7f,
    0xf8, 0x0, 0x3, 0xff, 0xc0, 0x0, 0x1f, 0xfe,
    0x0, 0x0, 0xff, 0xf0, 0x0, 0x7, 0xff, 0x80,
    0x0, 0x3f, 0xfc, 0x0, 0x7f, 0xf8, 0x0, 0x3,
    0xff, 0xc0, 0x0, 0x1f, 0xfe, 0x0, 0x0, 0xff,
    0xf0, 0x0, 0x7, 0xff, 0x80, 0x0, 0x3f, 0xfc,
    0x0, 0x1, 0xff, 0xe0, 0x0, 0xf, 0xff, 0x0,
    0x0, 0x7f, 0xf8, 0x0, 0x3, 0xff, 0xc0, 0x0,
    0x1f, 0xfe, 0x7, 0xff, 0xfe, 0x0, 0x3f, 0xff,
    0xf0, 0x1, 0xff, 0xff, 0x80, 0xf, 0xff, 0xfc,
    0x0, 0x7f, 0xff, 0xe0, 0x3, 0xff, 0xff, 0x0,
    0x1f, 0xff, 0xf8, 0x0, 0xff, 0xff, 0xc0, 0x7,
    0xff, 0xfe, 0x0, 0x3f, 0xff, 0xf0, 0x1, 0xff,
    0xff, 0x80, 0x0,

    /* U+006B "k" */
    0xff, 0xf0, 0x0, 0x0, 0x0, 0x3, 0xff, 0xc0,
    0x0, 0x0, 0x0, 0xf, 0xff, 0x0, 0x0, 0x0,
    0x0, 0x3f, 0xfc, 0x0, 0x0, 0x0, 0x0, 0xff,
    0xf0, 0x0, 0x0, 0x0, 0x3, 0xff, 0xc0, 0x0,
    0x0, 0x0, 0xf, 0xff, 0x0, 0x0, 0x0, 0x0,
    0x3f, 0xfc, 0x0, 0x0, 0x0, 0x0, 0xff, 0xf0,
    0x0, 0x0, 0x0, 0x3, 0xff, 0xc0, 0x0, 0x0,
    0x0, 0xf, 0xff, 0x0, 0x0, 0x0, 0x0, 0x3f,
    0xfc, 0x0, 0x0, 0x0, 0x0, 0xff, 0xf0, 0x0,
    0x0, 0x0, 0x3, 0xff, 0xc0, 0x0, 0x0, 0x0,
    0xf, 0xff, 0x0, 0x0, 0x0, 0x0, 0x3f, 0xfc,
    0x0, 0x0, 0x0, 0x0, 0xff, 0xf0, 0x0, 0x0,
    0x0, 0x3, 0xff, 0xc0, 0x0, 0x0, 0x0, 0xf,
    0xff, 0x0, 0x0, 0x0, 0x0, 0x3f, 0xfc, 0x0,
    0x0, 0x0, 0x0, 0xff, 0xf0, 0x0, 0x0, 0x0,
    0x3, 0xff, 0xc0, 0x0, 0x0, 0x0, 0xf, 0xff,
    0x0, 0x7, 0xff, 0xfe, 0x3f, 0xfc, 0x0, 0x1f,
    0xff, 0xf8, 0xff, 0xf0, 0x0, 0x7f, 0xff, 0xe3,
    0xff, 0xc0, 0x1, 0xff, 0xff, 0x8f, 0xff, 0x0,
    0x7, 0xff, 0xfe, 0x3f, 0xfc, 0x0, 0x1f, 0xff,
    0xf8, 0xff, 0xf0, 0x0, 0x7f, 0xff, 0xe3, 0xff,
    0xc0, 0x1, 0xff, 0xff, 0x8f, 0xff, 0x0, 0x7,
    0xff, 0xfe, 0x3f, 0xfc, 0x0, 0x1f, 0xff, 0xf8,
    0xff, 0xf0, 0x0, 0x7f, 0xff, 0xe3, 0xff, 0xc0,
    0x3f, 0xfc, 0x0, 0xf, 0xff, 0x0, 0xff, 0xf0,
    0x0, 0x3f, 0xfc, 0x3, 0xff, 0xc0, 0x0, 0xff,
    0xf0, 0xf, 0xff, 0x0, 0x3, 0xff, 0xc0, 0x3f,
    0xfc, 0x0, 0xf, 0xff, 0x0, 0xff, 0xf0, 0x0,
    0x3f, 0xfc, 0x3, 0xff, 0xc0, 0x0, 0xff, 0xf0,
    0xf, 0xff, 0x0, 0x3, 0xff, 0xc0, 0x3f, 0xfc,
    0x0, 0xf, 0xff, 0x0, 0xff, 0xf0, 0x0, 0x3f,
    0xfc, 0x3, 0xff, 0xc0, 0x0, 0xff, 0xff, 0xff,
    0xc0, 0x0, 0x3, 0xff, 0xff, 0xff, 0x0, 0x0,
    0xf, 0xff, 0xff, 0xfc, 0x0, 0x0, 0x3f, 0xff,
    0xff, 0xf0, 0x0, 0x0, 0xff, 0xff, 0xff, 0xc0,
    0x0, 0x3, 0xff, 0xff, 0xff, 0x0, 0x0, 0xf,
    0xff, 0xff, 0xfc, 0x0, 0x0, 0x3f, 0xff, 0xff,
    0xf0, 0x0, 0x0, 0xff, 0xff, 0xff, 0xc0, 0x0,
    0x3, 0xff, 0xff, 0xff, 0x0, 0x0, 0xf, 0xff,
    0xff, 0xfc, 0x0, 0x0, 0x3f, 0xfc, 0x3, 0xff,
    0xc0, 0x0, 0xff, 0xf0, 0xf, 0xff, 0x0, 0x3,
    0xff, 0xc0, 0x3f, 0xfc, 0x0, 0xf, 0xff, 0x0,
    0xff, 0xf0, 0x0, 0x3f, 0xfc, 0x3, 0xff, 0xc0,
    0x0, 0xff, 0xf0, 0xf, 0xff, 0x0, 0x3, 0xff,
    0xc0, 0x3f, 0xfc, 0x0, 0xf, 0xff, 0x0, 0xff,
    0xf0, 0x0, 0x3f, 0xfc, 0x3, 0xff, 0xc0, 0x0,
    0xff, 0xf0, 0xf, 0xff, 0x0, 0x3, 0xff, 0xc0,
    0x3f, 0xfc, 0x0, 0xf, 0xff, 0x0, 0x7, 0xf0,
    0x0, 0x3f, 0xfc, 0x0, 0x1f, 0xff, 0xff, 0xff,
    0xf0, 0x0, 0x7f, 0xff, 0xff, 0xff, 0xc0, 0x1,
    0xff, 0xff, 0xff, 0xff, 0x0, 0x7, 0xff, 0xff,
    0xff, 0xfc, 0x0, 0x1f, 0xff, 0xff, 0xff, 0xf0,
    0x0, 0x7f, 0xff, 0xff, 0xff, 0xc0, 0x1, 0xff,
    0xff, 0xff, 0xff, 0x0, 0x7, 0xff, 0xff, 0xff,
    0xfc, 0x0, 0x1f, 0xff, 0xff, 0xff, 0xf0, 0x0,
    0x7f, 0xff, 0xff, 0xff, 0xc0, 0x1, 0xff, 0xff,
    0xf0,

    /* U+006C "l" */
    0x1f, 0xff, 0xff, 0x0, 0x3, 0xff, 0xff, 0xe0,
    0x0, 0x7f, 0xff, 0xfc, 0x0, 0xf, 0xff, 0xff,
    0x80, 0x1, 0xff, 0xff, 0xf0, 0x0, 0x3f, 0xff,
    0xfe, 0x0, 0x7, 0xff, 0xff, 0xc0, 0x0, 0xff,
    0xff, 0xf8, 0x0, 0x1f, 0xff, 0xff, 0x0, 0x3,
    0xff, 0xff, 0xe0, 0x0, 0x7f, 0xff, 0xfc, 0x0,
    0x0, 0x7, 0xff, 0x80, 0x0, 0x0, 0xff, 0xf0,
    0x0, 0x0, 0x1f, 0xfe, 0x0, 0x0, 0x3, 0xff,
    0xc0, 0x0, 0x0, 0x7f, 0xf8, 0x0, 0x0, 0xf,
    0xff, 0x0, 0x0, 0x1, 0xff, 0xe0, 0x0, 0x0,
    0x3f, 0xfc, 0x0, 0x0, 0x7, 0xff, 0x80, 0x0,
    0x0, 0xff, 0xf0, 0x0, 0x0, 0x1f, 0xfe, 0x0,
    0x0, 0x3, 0xff, 0xc0, 0x0, 0x0, 0x7f, 0xf8,
    0x0, 0x0, 0xf, 0xff, 0x0, 0x0, 0x1, 0xff,
    0xe0, 0x0, 0x0, 0x3f, 0xfc, 0x0, 0x0, 0x7,
    0xff, 0x80, 0x0, 0x0, 0xff, 0xf0, 0x0, 0x0,
    0x1f, 0xfe, 0x0, 0x0, 0x3, 0xff, 0xc0, 0x0,
    0x0, 0x7f, 0xf8, 0x0, 0x0, 0xf, 0xff, 0x0,
    0x0, 0x0, 0xff, 0xc0, 0x0, 0x0, 0x3f, 0xfc,
    0x0, 0x0, 0x7, 0xff, 0x80, 0x0, 0x0, 0xff,
    0xf0, 0x0, 0x0, 0x1f, 0xfe, 0x0, 0x0, 0x3,
    0xff, 0xc0, 0x0, 0x0, 0x7f, 0xf8, 0x0, 0x0,
    0xf, 0xff, 0x0, 0x0, 0x1, 0xff, 0xe0, 0x0,
    0x0, 0x3f, 0xfc, 0x0, 0x0, 0x7, 0xff, 0x80,
    0x0, 0x0, 0x7f, 0xe0, 0x0, 0x0, 0x1f, 0xfe,
    0x0, 0x0, 0x3, 0xff, 0xc0, 0x0, 0x0, 0x7f,
    0xf8, 0x0, 0x0, 0xf, 0xff, 0x0, 0x0, 0x1,
    0xff, 0xe0, 0x0, 0x0, 0x3f, 0xfc, 0x0, 0x0,
    0x7, 0xff, 0x80, 0x0, 0x0, 0xff, 0xf0, 0x0,
    0x0, 0x1f, 0xfe, 0x0, 0x0, 0x3, 0xff, 0xc0,
    0x0, 0x0, 0x7f, 0xf8, 0x0, 0x0, 0xf, 0xff,
    0x0, 0x0, 0x1, 0xff, 0xe0, 0x0, 0x0, 0x3f,
    0xfc, 0x0, 0x0, 0x7, 0xff, 0x80, 0x0, 0x0,
    0xff, 0xf0, 0x0, 0x0, 0x1f, 0xfe, 0x0, 0x0,
    0x3, 0xff, 0xc0, 0x0, 0x0, 0x7f, 0xf8, 0x0,
    0x0, 0xf, 0xff, 0x0, 0x0, 0x1, 0xff, 0xe0,
    0x0, 0x0, 0x3f, 0xfc, 0x0, 0x7f, 0xff, 0xff,
    0xff, 0xff, 0xff, 0xff, 0xff, 0xff, 0xff, 0xff,
    0xff, 0xff, 0xff, 0xff, 0xff, 0xff, 0xff, 0xff,
    0xff, 0xff, 0xff, 0xff, 0xff, 0xff, 0xff, 0xff,
    0xff, 0xff, 0xff, 0xff, 0xff, 0xff, 0xff, 0xff,
    0xff, 0xff, 0xff, 0xff, 0xff, 0xff, 0xff, 0xff,
    0xff, 0xff, 0xff, 0xff, 0xff, 0xc0,

    /* U+006D "m" */
    0xff, 0x1f, 0xfe, 0x1f, 0xff, 0x3, 0xfc, 0x7f,
    0xf8, 0xff, 0xfc, 0xf, 0xf1, 0xff, 0xe3, 0xff,
    0xf0, 0x3f, 0xc7, 0xff, 0x8f, 0xff, 0xc0, 0xff,
    0x1f, 0xfe, 0x3f, 0xff, 0x3, 0xfc, 0x7f, 0xf8,
    0xff, 0xfc, 0xf, 0xf1, 0xff, 0xe3, 0xff, 0xf0,
    0x3f, 0xc7, 0xff, 0x8f, 0xff, 0xc0, 0xff, 0x1f,
    0xfe, 0x3f, 0xff, 0x3, 0xfc, 0x7f, 0xf8, 0xff,
    0xfc, 0xf, 0xf1, 0xff, 0xe1, 0xff, 0xf0, 0x3f,
    0xfc, 0xf, 0xf8, 0xf, 0xff, 0xff, 0xf0, 0x3f,
    0xf0, 0x3f, 0xff, 0xff, 0xc0, 0xff, 0xc0, 0xff,
    0xff, 0xff, 0x3, 0xff, 0x3, 0xff, 0xff, 0xfc,
    0xf, 0xfc, 0xf, 0xff, 0xff, 0xf0, 0x3f, 0xf0,
    0x3f, 0xff, 0xff, 0xc0, 0xff, 0xc0, 0xff, 0xff,
    0xff, 0x3, 0xff, 0x3, 0xff, 0xff, 0xfc, 0xf,
    0xfc, 0xf, 0xff, 0xff, 0xf0, 0x3f, 0xf0, 0x3f,
    0xff, 0xff, 0xc0, 0xff, 0x80, 0xff, 0xff, 0xff,
    0x3, 0xfe, 0x3, 0xff, 0xbf, 0xfc, 0xf, 0xf8,
    0xf, 0xff, 0xff, 0xf0, 0x3f, 0xf0, 0x3f, 0xff,
    0xff, 0xc0, 0xff, 0xc0, 0xff, 0xff, 0xff, 0x3,
    0xff, 0x3, 0xff, 0xff, 0xfc, 0xf, 0xfc, 0xf,
    0xff, 0xff, 0xf0, 0x3f, 0xf0, 0x3f, 0xff, 0xff,
    0xc0, 0xff, 0xc0, 0xff, 0xff, 0xff, 0x3, 0xff,
    0x3, 0xff, 0xff, 0xfc, 0xf, 0xfc, 0xf, 0xff,
    0xff, 0xf0, 0x3f, 0xe0, 0x3f, 0xfd, 0xff, 0xc0,
    0x7f, 0x80, 0xff, 0xef, 0xff, 0x3, 0xfe, 0x3,
    0xff, 0xff, 0xfc, 0xf, 0xfc, 0xf, 0xff, 0xff,
    0xf0, 0x3f, 0xf0, 0x3f, 0xff, 0xff, 0xc0, 0xff,
    0xc0, 0xff, 0xff, 0xff, 0x3, 0xff, 0x3, 0xff,
    0xff, 0xfc, 0xf, 0xfc, 0xf, 0xff, 0xff, 0xf0,
    0x3f, 0xf0, 0x3f, 0xff, 0xff, 0xc0, 0xff, 0xc0,
    0xff, 0xff, 0xff, 0x3, 0xff, 0x3, 0xff, 0xff,
    0xfc, 0xf, 0xf8, 0xf, 0xff, 0xff, 0xf0, 0x3f,
    0xe0, 0x3f, 0xfb, 0xff, 0xc0, 0xff, 0x80, 0xff,
    0xff, 0xff, 0x3, 0xff, 0x3, 0xff, 0xff, 0xfc,
    0xf, 0xfc, 0xf, 0xff, 0xff, 0xf0, 0x3f, 0xf0,
    0x3f, 0xff, 0xff, 0xc0, 0xff, 0xc0, 0xff, 0xff,
    0xff, 0x3, 0xff, 0x3, 0xff, 0xff, 0xfc, 0xf,
    0xfc, 0xf, 0xff, 0xff, 0xf0, 0x3f, 0xf0, 0x3f,
    0xff, 0xff, 0xc0, 0xff, 0xc0, 0xff, 0xff, 0xff,
    0x3, 0xff, 0x3, 0xff, 0xff, 0xfc, 0xf, 0xf8,
    0xf, 0xff,

    /* U+006E "n" */
    0xff, 0xe0, 0xff, 0xff, 0xfe, 0x3, 0xff, 0x87,
    0xff, 0xff, 0xf8, 0xf, 0xfe, 0x1f, 0xff, 0xff,
    0xe0, 0x3f, 0xf8, 0x7f, 0xff, 0xff, 0x80, 0xff,
    0xe1, 0xff, 0xff, 0xfe, 0x3, 0xff, 0x87, 0xff,
    0xff, 0xf8, 0xf, 0xfe, 0x1f, 0xff, 0xff, 0xe0,
    0x3f, 0xf8, 0x7f, 0xff, 0xff, 0x80, 0xff, 0xe1,
    0xff, 0xff, 0xfe, 0x3, 0xff, 0x87, 0xff, 0xff,
    0xf8, 0xf, 0xfe, 0xf, 0xff, 0xff, 0xe0, 0x3f,
    0xff, 0xc0, 0x0, 0xf, 0xff, 0xff, 0xff, 0x80,
    0x0, 0x3f, 0xff, 0xff, 0xfe, 0x0, 0x0, 0xff,
    0xff, 0xff, 0xf8, 0x0, 0x3, 0xff, 0xff, 0xff,
    0xe0, 0x0, 0xf, 0xff, 0xff, 0xff, 0x80, 0x0,
    0x3f, 0xff, 0xff, 0xfe, 0x0, 0x0, 0xff, 0xff,
    0xff, 0xf8, 0x0, 0x3, 0xff, 0xff, 0xff, 0xe0,
    0x0, 0xf, 0xff, 0xff, 0xff, 0x80, 0x0, 0x3f,
    0xff, 0xff, 0xfc, 0x0, 0x0, 0xff, 0xff, 0xff,
    0x0, 0x0, 0x3, 0xff, 0xff, 0xfc, 0x0, 0x0,
    0xf, 0xff, 0xff, 0xf0, 0x0, 0x0, 0x3f, 0xff,
    0xff, 0xc0, 0x0, 0x0, 0xff, 0xff, 0xff, 0x0,
    0x0, 0x3, 0xff, 0xff, 0xfc, 0x0, 0x0, 0xf,
    0xff, 0xff, 0xf0, 0x0, 0x0, 0x3f, 0xff, 0xff,
    0xc0, 0x0, 0x0, 0xff, 0xff, 0xff, 0x0, 0x0,
    0x3, 0xff, 0xff, 0xfc, 0x0, 0x0, 0xf, 0xff,
    0xff, 0xf0, 0x0, 0x0, 0x3f, 0xfd, 0xff, 0xc0,
    0x0, 0x0, 0xff, 0xef, 0xff, 0x0, 0x0, 0x3,
    0xff, 0xff, 0xfc, 0x0, 0x0, 0xf, 0xff, 0xff,
    0xf0, 0x0, 0x0, 0x3f, 0xff, 0xff, 0xc0, 0x0,
    0x0, 0xff, 0xff, 0xff, 0x0, 0x0, 0x3, 0xff,
    0xff, 0xfc, 0x0, 0x0, 0xf, 0xff, 0xff, 0xf0,
    0x0, 0x0, 0x3f, 0xff, 0xff, 0xc0, 0x0, 0x0,
    0xff, 0xff, 0xff, 0x0, 0x0, 0x3, 0xff, 0xff,
    0xfc, 0x0, 0x0, 0xf, 0xff, 0x7f, 0xf0, 0x0,
    0x0, 0x3f, 0xfb, 0xff, 0xc0, 0x0, 0x0, 0xff,
    0xff, 0xff, 0x0, 0x0, 0x3, 0xff, 0xff, 0xfc,
    0x0, 0x0, 0xf, 0xff, 0xff, 0xf0, 0x0, 0x0,
    0x3f, 0xff, 0xff, 0xc0, 0x0, 0x0, 0xff, 0xff,
    0xff, 0x0, 0x0, 0x3, 0xff, 0xff, 0xfc, 0x0,
    0x0, 0xf, 0xff, 0xff, 0xf0, 0x0, 0x0, 0x3f,
    0xff, 0xff, 0xc0, 0x0, 0x0, 0xff, 0xff, 0xff,
    0x0, 0x0, 0x3, 0xff, 0xff, 0xfc, 0x0, 0x0,
    0xf, 0xff,

    /* U+006F "o" */
    0x0, 0x1f, 0xff, 0xff, 0xe0, 0x0, 0x0, 0x7f,
    0xff, 0xff, 0x80, 0x0, 0x1, 0xff, 0xff, 0xfe,
    0x0, 0x0, 0x7, 0xff, 0xff, 0xf8, 0x0, 0x0,
    0x1f, 0xff, 0xff, 0xe0, 0x0, 0x0, 0x7f, 0xff,
    0xff, 0x80, 0x0, 0x1, 0xff, 0xff, 0xfe, 0x0,
    0x0, 0x7, 0xff, 0xff, 0xf8, 0x0, 0x0, 0x1f,
    0xff, 0xff, 0xe0, 0x0, 0x0, 0x7f, 0xff, 0xff,
    0x80, 0x0, 0x1, 0xff, 0xff, 0xfe, 0x0, 0x3,
    0xff, 0xc0, 0x0, 0xff, 0xf0, 0xf, 0xff, 0x0,
    0x3, 0xff, 0xc0, 0x3f, 0xfc, 0x0, 0xf, 0xff,
    0x0, 0xff, 0xf0, 0x0, 0x3f, 0xfc, 0x3, 0xff,
    0xc0, 0x0, 0xff, 0xf0, 0xf, 0xff, 0x0, 0x3,
    0xff, 0xc0, 0x3f, 0xfc, 0x0, 0xf, 0xff, 0x0,
    0xff, 0xf0, 0x0, 0x3f, 0xfc, 0x3, 0xff, 0xc0,
    0x0, 0xff, 0xf0, 0xf, 0xff, 0x0, 0x3, 0xff,
    0xc0, 0x3f, 0xfc, 0x0, 0xf, 0xff, 0xf, 0xff,
    0x0, 0x0, 0x3, 0xff, 0xff, 0xfc, 0x0, 0x0,
    0xf, 0xff, 0xff, 0xf0, 0x0, 0x0, 0x3f, 0xff,
    0xff, 0xc0, 0x0, 0x0, 0xff, 0xff, 0xff, 0x0,
    0x0, 0x3, 0xff, 0xff, 0xfc, 0x0, 0x0, 0xf,
    0xff, 0xff, 0xf0, 0x0, 0x0, 0x3f, 0xff, 0xff,
    0xc0, 0x0, 0x0, 0xff, 0xff, 0xff, 0x0, 0x0,
    0x3, 0xff, 0xff, 0xfc, 0x0, 0x0, 0xf, 0xff,
    0xff, 0xf0, 0x0, 0x0, 0x3f, 0xfc, 0x3f, 0xfc,
    0x0, 0xf, 0xff, 0x0, 0xff, 0xf0, 0x0, 0x3f,
    0xfc, 0x3, 0xff, 0xc0, 0x0, 0xff, 0xf0, 0xf,
    0xff, 0x0, 0x3, 0xff, 0xc0, 0x3f, 0xfc, 0x0,
    0xf, 0xff, 0x0, 0xff, 0xf0, 0x0, 0x3f, 0xfc,
    0x3, 0xff, 0xc0, 0x0, 0xff, 0xf0, 0xf, 0xff,
    0x0, 0x3, 0xff, 0xc0, 0x3f, 0xfc, 0x0, 0xf,
    0xff, 0x0, 0xff, 0xf0, 0x0, 0x3f, 0xfc, 0x3,
    0xff, 0xc0, 0x0, 0xff, 0xf0, 0x0, 0x1f, 0x0,
    0x3, 0xe0, 0x0, 0x0, 0x7f, 0xff, 0xff, 0x80,
    0x0, 0x1, 0xff, 0xff, 0xfe, 0x0, 0x0, 0x7,
    0xff, 0xff, 0xf8, 0x0, 0x0, 0x1f, 0xff, 0xff,
    0xe0, 0x0, 0x0, 0x7f, 0xff, 0xff, 0x80, 0x0,
    0x1, 0xff, 0xff, 0xfe, 0x0, 0x0, 0x7, 0xff,
    0xff, 0xf8, 0x0, 0x0, 0x1f, 0xff, 0xff, 0xe0,
    0x0, 0x0, 0x7f, 0xff, 0xff, 0x80, 0x0, 0x1,
    0xff, 0xff, 0xfe, 0x0, 0x0, 0x7, 0xff, 0xff,
    0xf8, 0x0,

    /* U+0070 "p" */
    0xff, 0xf0, 0x7f, 0xff, 0xe0, 0x3, 0xff, 0xc1,
    0xff, 0xff, 0x80, 0xf, 0xff, 0x7, 0xff, 0xfe,
    0x0, 0x3f, 0xfc, 0x1f, 0xff, 0xf8, 0x0, 0xff,
    0xf0, 0x7f, 0xff, 0xe0, 0x3, 0xff, 0xc1, 0xff,
    0xff, 0x80, 0xf, 0xff, 0x7, 0xff, 0xfe, 0x0,
    0x3f, 0xfc, 0x1f, 0xff, 0xf8, 0x0, 0xff, 0xf0,
    0x7f, 0xff, 0xe0, 0x3, 0xff, 0xc1, 0xff, 0xff,
    0x80, 0xf, 0xff, 0x7, 0xff, 0xfe, 0x0, 0x3f,
    0xff, 0xf0, 0x3, 0xff, 0xc0, 0xff, 0xff, 0xc0,
    0xf, 0xff, 0x3, 0xff, 0xff, 0x0, 0x3f, 0xfc,
    0xf, 0xff, 0xfc, 0x0, 0xff, 0xf0, 0x3f, 0xff,
    0xf0, 0x3, 0xff, 0xc0, 0xff, 0xff, 0xc0, 0xf,
    0xff, 0x3, 0xff, 0xff, 0x0, 0x3f, 0xfc, 0xf,
    0xff, 0xfc, 0x0, 0xff, 0xf0, 0x3f, 0xff, 0xf0,
    0x3, 0xff, 0xc0, 0xff, 0xff, 0xc0, 0xf, 0xff,
    0x3, 0xff, 0xff, 0x0, 0x3f, 0xfc, 0xf, 0xff,
    0x0, 0x0, 0x3, 0xff, 0xff, 0xfc, 0x0, 0x0,
    0xf, 0xff, 0xff, 0xf0, 0x0, 0x0, 0x3f, 0xff,
    0xff, 0xc0, 0x0, 0x0, 0xff, 0xff, 0xff, 0x0,
    0x0, 0x3, 0xff, 0xff, 0xfc, 0x0, 0x0, 0xf,
    0xff, 0xff, 0xf0, 0x0, 0x0, 0x3f, 0xff, 0xff,
    0xc0, 0x0, 0x0, 0xff, 0xff, 0xff, 0x0, 0x0,
    0x3, 0xff, 0xff, 0xfc, 0x0, 0x0, 0xf, 0xff,
    0xff, 0xf0, 0x0, 0x0, 0x3f, 0xff, 0xff, 0xc0,
    0x0, 0x3f, 0xfc, 0xf, 0xff, 0x0, 0x0, 0xff,
    0xf0, 0x3f, 0xfc, 0x0, 0x3, 0xff, 0xc0, 0xff,
    0xf0, 0x0, 0xf, 0xff, 0x3, 0xff, 0xc0, 0x0,
    0x3f, 0xfc, 0xf, 0xff, 0x0, 0x0, 0xff, 0xf0,
    0x3f, 0xfc, 0x0, 0x3, 0xff, 0xc0, 0xff, 0xf0,
    0x0, 0xf, 0xff, 0x3, 0xff, 0xc0, 0x0, 0x3f,
    0xfc, 0xf, 0xff, 0x0, 0x0, 0xff, 0xf0, 0x3f,
    0xfc, 0x0, 0x3, 0xff, 0xc0, 0xff, 0xf0, 0x0,
    0xf, 0xe0, 0x3, 0xff, 0xff, 0xff, 0xff, 0x80,
    0xf, 0xff, 0xff, 0xff, 0xfe, 0x0, 0x3f, 0xff,
    0xff, 0xff, 0xf8, 0x0, 0xff, 0xff, 0xff, 0xff,
    0xe0, 0x3, 0xff, 0xff, 0xff, 0xff, 0x80, 0xf,
    0xff, 0xff, 0xff, 0xfe, 0x0, 0x3f, 0xff, 0xff,
    0xff, 0xf8, 0x0, 0xff, 0xff, 0xff, 0xff, 0xe0,
    0x3, 0xff, 0xff, 0xff, 0xff, 0x80, 0xf, 0xff,
    0xff, 0xff, 0xfe, 0x0, 0x3f, 0xff, 0xff, 0xff,
    0xf8, 0x0, 0xff, 0xf0, 0x0, 0x0, 0x0, 0x3,
    0xff, 0xc0, 0x0, 0x0, 0x0, 0xf, 0xff, 0x0,
    0x0, 0x0, 0x0, 0x3f, 0xfc, 0x0, 0x0, 0x0,
    0x0, 0xff, 0xf0, 0x0, 0x0, 0x0, 0x3, 0xff,
    0xc0, 0x0, 0x0, 0x0, 0xf, 0xff, 0x0, 0x0,
    0x0, 0x0, 0x3f, 0xfc, 0x0, 0x0, 0x0, 0x0,
    0xff, 0xf0, 0x0, 0x0, 0x0, 0x3, 0xff, 0xc0,
    0x0, 0x0, 0x0, 0xf, 0xff, 0x0, 0x0, 0x0,
    0x0, 0x3f, 0xfc, 0x0, 0x0, 0x0, 0x0, 0xff,
    0xf0, 0x0, 0x0, 0x0, 0x3, 0xff, 0xc0, 0x0,
    0x0, 0x0, 0xf, 0xff, 0x0, 0x0, 0x0, 0x0,
    0x3f, 0xfc, 0x0, 0x0, 0x0, 0x0, 0xff, 0xf0,
    0x0, 0x0, 0x0, 0x3, 0xff, 0xc0, 0x0, 0x0,
    0x0, 0xf, 0xff, 0x0, 0x0, 0x0, 0x0, 0x3f,
    0xfc, 0x0, 0x0, 0x0, 0x0, 0xff, 0xf0, 0x0,
    0x0, 0x0, 0x3, 0xff, 0xc0, 0x0, 0x0, 0x0,
    0x0,

    /* U+0071 "q" */
    0x0, 0x1f, 0xff, 0xff, 0xff, 0xfc, 0x0, 0x7f,
    0xff, 0xff, 0xff, 0xf0, 0x1, 0xff, 0xff, 0xff,
    0xff, 0xc0, 0x7, 0xff, 0xff, 0xff, 0xff, 0x0,
    0x1f, 0xff, 0xff, 0xff, 0xfc, 0x0, 0x7f, 0xff,
    0xff, 0xff, 0xf0, 0x1, 0xff, 0xff, 0xff, 0xff,
    0xc0, 0x7, 0xff, 0xff, 0xff, 0xff, 0x0, 0x1f,
    0xff, 0xff, 0xff, 0xfc, 0x0, 0x7f, 0xff, 0xff,
    0xff, 0xf0, 0x1, 0xff, 0xff, 0xff, 0xff, 0xc0,
    0xff, 0xf0, 0x0, 0xf, 0xff, 0x3, 0xff, 0xc0,
    0x0, 0x3f, 0xfc, 0xf, 0xff, 0x0, 0x0, 0xff,
    0xf0, 0x3f, 0xfc, 0x0, 0x3, 0xff, 0xc0, 0xff,
    0xf0, 0x0, 0xf, 0xff, 0x3, 0xff, 0xc0, 0x0,
    0x3f, 0xfc, 0xf, 0xff, 0x0, 0x0, 0xff, 0xf0,
    0x3f, 0xfc, 0x0, 0x3, 0xff, 0xc0, 0xff, 0xf0,
    0x0, 0xf, 0xff, 0x3, 0xff, 0xc0, 0x0, 0x3f,
    0xfc, 0xf, 0xff, 0x0, 0x0, 0xff, 0xff, 0xff,
    0x0, 0x0, 0x3, 0xff, 0xff, 0xfc, 0x0, 0x0,
    0xf, 0xff, 0xff, 0xf0, 0x0, 0x0, 0x3f, 0xff,
    0xff, 0xc0, 0x0, 0x0, 0xff, 0xff, 0xff, 0x0,
    0x0, 0x3, 0xff, 0xff, 0xfc, 0x0, 0x0, 0xf,
    0xff, 0xff, 0xf0, 0x0, 0x0, 0x3f, 0xff, 0xff,
    0xc0, 0x0, 0x0, 0xff, 0xff, 0xff, 0x0, 0x0,
    0x3, 0xff, 0xff, 0xfc, 0x0, 0x0, 0xf, 0xff,
    0xff, 0xf0, 0x0, 0x0, 0x3f, 0xfc, 0xf, 0xff,
    0x0, 0x3f, 0xff, 0xf0, 0x3f, 0xfc, 0x0, 0xff,
    0xff, 0xc0, 0xff, 0xf0, 0x3, 0xff, 0xff, 0x3,
    0xff, 0xc0, 0xf, 0xff, 0xfc, 0xf, 0xff, 0x0,
    0x3f, 0xff, 0xf0, 0x3f, 0xfc, 0x0, 0xff, 0xff,
    0xc0, 0xff, 0xf0, 0x3, 0xff, 0xff, 0x3, 0xff,
    0xc0, 0xf, 0xff, 0xfc, 0xf, 0xff, 0x0, 0x3f,
    0xff, 0xf0, 0x3f, 0xfc, 0x0, 0xff, 0xff, 0xc0,
    0xff, 0xf0, 0x3, 0xff, 0xff, 0x0, 0x1f, 0xc0,
    0x0, 0x3f, 0xfc, 0x0, 0x7f, 0xff, 0xe0, 0xff,
    0xf0, 0x1, 0xff, 0xff, 0x83, 0xff, 0xc0, 0x7,
    0xff, 0xfe, 0xf, 0xff, 0x0, 0x1f, 0xff, 0xf8,
    0x3f, 0xfc, 0x0, 0x7f, 0xff, 0xe0, 0xff, 0xf0,
    0x1, 0xff, 0xff, 0x83, 0xff, 0xc0, 0x7, 0xff,
    0xfe, 0xf, 0xff, 0x0, 0x1f, 0xff, 0xf8, 0x3f,
    0xfc, 0x0, 0x7f, 0xff, 0xe0, 0xff, 0xf0, 0x1,
    0xff, 0xff, 0x83, 0xff, 0xc0, 0x7, 0xff, 0xfe,
    0xf, 0xff, 0x0, 0x0, 0x0, 0x0, 0x3f, 0xfc,
    0x0, 0x0, 0x0, 0x0, 0xff, 0xf0, 0x0, 0x0,
    0x0, 0x3, 0xff, 0xc0, 0x0, 0x0, 0x0, 0xf,
    0xff, 0x0, 0x0, 0x0, 0x0, 0x3f, 0xfc, 0x0,
    0x0, 0x0, 0x0, 0xff, 0xf0, 0x0, 0x0, 0x0,
    0x3, 0xff, 0xc0, 0x0, 0x0, 0x0, 0xf, 0xff,
    0x0, 0x0, 0x0, 0x0, 0x3f, 0xfc, 0x0, 0x0,
    0x0, 0x0, 0xff, 0xf0, 0x0, 0x0, 0x0, 0x3,
    0xff, 0xc0, 0x0, 0x0, 0x0, 0xf, 0xff, 0x0,
    0x0, 0x0, 0x0, 0x3f, 0xfc, 0x0, 0x0, 0x0,
    0x0, 0xff, 0xf0, 0x0, 0x0, 0x0, 0x3, 0xff,
    0xc0, 0x0, 0x0, 0x0, 0xf, 0xff, 0x0, 0x0,
    0x0, 0x0, 0x3f, 0xfc, 0x0, 0x0, 0x0, 0x0,
    0xff, 0xf0, 0x0, 0x0, 0x0, 0x3, 0xff, 0xc0,
    0x0, 0x0, 0x0, 0xf, 0xff, 0x0, 0x0, 0x0,
    0x0, 0x3f, 0xfc, 0x0, 0x0, 0x0, 0x0, 0xff,
    0xf0,

    /* U+0072 "r" */
    0xff, 0xfe, 0xf, 0xff, 0xff, 0xc3, 0xff, 0xf8,
    0x3f, 0xff, 0xff, 0xf, 0xff, 0xe0, 0xff, 0xff,
    0xfc, 0x3f, 0xff, 0x83, 0xff, 0xff, 0xf0, 0xff,
    0xfe, 0xf, 0xff, 0xff, 0xc3, 0xff, 0xf8, 0x3f,
    0xff, 0xff, 0xf, 0xff, 0xe0, 0xff, 0xff, 0xfc,
    0x3f, 0xff, 0x83, 0xff, 0xff, 0xf0, 0xff, 0xfe,
    0xf, 0xff, 0xff, 0xc3, 0xff, 0xf8, 0x3f, 0xff,
    0xff, 0xf, 0xff, 0xe0, 0xff, 0xff, 0xfc, 0x0,
    0x1f, 0xff, 0xe0, 0xf, 0xff, 0x0, 0x7f, 0xff,
    0xc0, 0x3f, 0xfc, 0x1, 0xff, 0xff, 0x0, 0xff,
    0xf0, 0x7, 0xff, 0xfc, 0x3, 0xff, 0xc0, 0x1f,
    0xff, 0xf0, 0xf, 0xff, 0x0, 0x7f, 0xff, 0xc0,
    0x3f, 0xfc, 0x1, 0xff, 0xff, 0x0, 0xff, 0xf0,
    0x7, 0xff, 0xfc, 0x3, 0xff, 0xc0, 0x1f, 0xff,
    0xf0, 0xf, 0xff, 0x0, 0x7f, 0xff, 0xc0, 0x3f,
    0xfc, 0x1, 0xff, 0xfe, 0x0, 0xff, 0xf0, 0x7,
    0xff, 0x80, 0x0, 0x0, 0x0, 0x1f, 0xfe, 0x0,
    0x0, 0x0, 0x0, 0x7f, 0xf8, 0x0, 0x0, 0x0,
    0x1, 0xff, 0xe0, 0x0, 0x0, 0x0, 0x7, 0xff,
    0x80, 0x0, 0x0, 0x0, 0x1f, 0xfe, 0x0, 0x0,
    0x0, 0x0, 0x7f, 0xf8, 0x0, 0x0, 0x0, 0x1,
    0xff, 0xe0, 0x0, 0x0, 0x0, 0x7, 0xff, 0x80,
    0x0, 0x0, 0x0, 0x1f, 0xfe, 0x0, 0x0, 0x0,
    0x0, 0x7f, 0xf8, 0x0, 0x0, 0x0, 0x1, 0xff,
    0xe0, 0x0, 0x0, 0x0, 0x7, 0xff, 0x80, 0x0,
    0x0, 0x0, 0x1f, 0xfe, 0x0, 0x0, 0x0, 0x0,
    0x7f, 0xf8, 0x0, 0x0, 0x0, 0x1, 0xff, 0xe0,
    0x0, 0x0, 0x0, 0x7, 0xff, 0x80, 0x0, 0x0,
    0x0, 0x1f, 0xfe, 0x0, 0x0, 0x0, 0x0, 0x7f,
    0xf8, 0x0, 0x0, 0x0, 0x1, 0xff, 0xe0, 0x0,
    0x0, 0x0, 0x7, 0xff, 0x80, 0x0, 0x0, 0x0,
    0x1f, 0xfe, 0x0, 0x0, 0x0, 0x0, 0x7f, 0xf8,
    0x0, 0x0, 0x3, 0xff, 0xff, 0xff, 0xe0, 0x0,
    0xf, 0xff, 0xff, 0xff, 0x80, 0x0, 0x3f, 0xff,
    0xff, 0xfe, 0x0, 0x0, 0xff, 0xff, 0xff, 0xf8,
    0x0, 0x3, 0xff, 0xff, 0xff, 0xe0, 0x0, 0xf,
    0xff, 0xff, 0xff, 0x80, 0x0, 0x3f, 0xff, 0xff,
    0xfe, 0x0, 0x0, 0xff, 0xff, 0xff, 0xf8, 0x0,
    0x3, 0xff, 0xff, 0xff, 0xe0, 0x0, 0xf, 0xff,
    0xff, 0xff, 0x80, 0x0, 0x3f, 0xff, 0xff, 0xfe,
    0x0, 0x0,

    /* U+0073 "s" */
    0x3, 0xff, 0xff, 0xff, 0xf8, 0x3, 0xff, 0xff,
    0xff, 0xf8, 0x3, 0xff, 0xff, 0xff, 0xf8, 0x3,
    0xff, 0xff, 0xff, 0xf8, 0x3, 0xff, 0xff, 0xff,
    0xf8, 0x3, 0xff, 0xff, 0xff, 0xfc, 0x3, 0xff,
    0xff, 0xff, 0xf8, 0x3, 0xff, 0xff, 0xff, 0xf8,
    0x3, 0xff, 0xff, 0xff, 0xf8, 0x3, 0xff, 0xff,
    0xff, 0xf8, 0x3, 0xff, 0xff, 0xff, 0xf8, 0xff,
    0xf0, 0x0, 0x0, 0x0, 0xff, 0xf0, 0x0, 0x0,
    0x0, 0xff, 0xf0, 0x0, 0x0, 0x0, 0xff, 0xf0,
    0x0, 0x0, 0x0, 0xff, 0xf0, 0x0, 0x0, 0x0,
    0xff, 0xf0, 0x0, 0x0, 0x0, 0xff, 0xf0, 0x0,
    0x0, 0x0, 0xff, 0xf0, 0x0, 0x0, 0x0, 0xff,
    0xf0, 0x0, 0x0, 0x0, 0xff, 0xf0, 0x0, 0x0,
    0x0, 0xff, 0xf0, 0x0, 0x0, 0x0, 0x3, 0xff,
    0xff, 0xff, 0xe0, 0x3, 0xff, 0xff, 0xff, 0xe0,
    0x3, 0xff, 0xff, 0xff, 0xe0, 0x3, 0xff, 0xff,
    0xff, 0xe0, 0x3, 0xff, 0xff, 0xff, 0xe0, 0x3,
    0xff, 0xff, 0xff, 0xe0, 0x3, 0xff, 0xff, 0xff,
    0xe0, 0x3, 0xff, 0xff, 0xff, 0xe0, 0x3, 0xff,
    0xff, 0xff, 0xe0, 0x3, 0xff, 0xff, 0xff, 0xe0,
    0x3, 0xff, 0xff, 0xff, 0xe0, 0x0, 0x0, 0x0,
    0xf, 0xe0, 0x0, 0x0, 0x0, 0xf, 0xff, 0x0,
    0x0, 0x0, 0xf, 0xff, 0x0, 0x0, 0x0, 0xf,
    0xff, 0x0, 0x0, 0x0, 0xf, 0xff, 0x0, 0x0,
    0x0, 0xf, 0xff, 0x0, 0x0, 0x0, 0xf, 0xff,
    0x0, 0x0, 0x0, 0xf, 0xff, 0x0, 0x0, 0x0,
    0xf, 0xff, 0x0, 0x0, 0x0, 0xf, 0xff, 0x0,
    0x0, 0x0, 0xf, 0xff, 0x0, 0x0, 0x0, 0xf,
    0xff, 0x1f, 0xff, 0xff, 0xff, 0xe0, 0x1f, 0xff,
    0xff, 0xff, 0xe0, 0x1f, 0xff, 0xff, 0xff, 0xe0,
    0x1f, 0xff, 0xff, 0xff, 0xe0, 0x1f, 0xff, 0xff,
    0xff, 0xe0, 0x1f, 0xff, 0xff, 0xff, 0xe0, 0x1f,
    0xff, 0xff, 0xff, 0xe0, 0x1f, 0xff, 0xff, 0xff,
    0xe0, 0x1f, 0xff, 0xff, 0xff, 0xe0, 0x1f, 0xff,
    0xff, 0xff, 0xe0, 0x1f, 0xff, 0xff, 0xff, 0xe0,

    /* U+0074 "t" */
    0x0, 0x1f, 0xfe, 0x0, 0x0, 0x0, 0x1f, 0xfe,
    0x0, 0x0, 0x0, 0x1f, 0xfe, 0x0, 0x0, 0x0,
    0x1f, 0xfe, 0x0, 0x0, 0x0, 0x1f, 0xfe, 0x0,
    0x0, 0x0, 0x1f, 0xfe, 0x0, 0x0, 0x0, 0x1f,
    0xfe, 0x0, 0x0, 0x0, 0x1f, 0xfe, 0x0, 0x0,
    0x0, 0x1f, 0xfe, 0x0, 0x0, 0x0, 0x1f, 0xfe,
    0x0, 0x0, 0x0, 0x1f, 0xfe, 0x0, 0x0, 0x0,
    0x1f, 0xfe, 0x0, 0x0, 0x0, 0x1f, 0xfe, 0x0,
    0x0, 0x0, 0x1f, 0xfe, 0x0, 0x0, 0x0, 0x1f,
    0xfe, 0x0, 0x0, 0x0, 0x1f, 0xfe, 0x0, 0x0,
    0x0, 0x1f, 0xfe, 0x0, 0x0, 0x0, 0x1f, 0xfe,
    0x0, 0x0, 0x0, 0x1f, 0xfe, 0x0, 0x0, 0x0,
    0x1f, 0xfe, 0x0, 0x0, 0x0, 0x1f, 0xfe, 0x0,
    0x0, 0x0, 0x1f, 0xfe, 0x0, 0x0, 0xff, 0xff,
    0xff, 0xff, 0xff, 0xff, 0xff, 0xff, 0xff, 0xff,
    0xff, 0xff, 0xff, 0xff, 0xff, 0xff, 0xff, 0xff,
    0xff, 0xff, 0xff, 0xff, 0xff, 0xff, 0xff, 0xff,
    0xff, 0xff, 0xff, 0xff, 0xff, 0xff, 0xff, 0xff,
    0xff, 0xff, 0xff, 0xff, 0xff, 0xff, 0xff, 0xff,
    0xff, 0xff, 0xff, 0xff, 0xff, 0xff, 0xff, 0xff,
    0xff, 0xff, 0xff, 0xff, 0xff, 0x0, 0x1f, 0xfe,
    0x0, 0x0, 0x0, 0x1f, 0xfe, 0x0, 0x0, 0x0,
    0x1f, 0xfe, 0x0, 0x0, 0x0, 0x1f, 0xfe, 0x0,
    0x0, 0x0, 0x1f, 0xfe, 0x0, 0x0, 0x0, 0x1f,
    0xfe, 0x0, 0x0, 0x0, 0x1f, 0xfe, 0x0, 0x0,
    0x0, 0x1f, 0xfe, 0x0, 0x0, 0x0, 0x1f, 0xfe,
    0x0, 0x0, 0x0, 0x1f, 0xfe, 0x0, 0x0, 0x0,
    0x1f, 0xfe, 0x0, 0x0, 0x0, 0x1f, 0xfc, 0x0,
    0x0, 0x0, 0x1f, 0xfe, 0x0, 0x0, 0x0, 0x1f,
    0xfe, 0x0, 0x0, 0x0, 0x1f, 0xfe, 0x0, 0x0,
    0x0, 0x1f, 0xfe, 0x0, 0x0, 0x0, 0x1f, 0xfe,
    0x0, 0x0, 0x0, 0x1f, 0xfe, 0x0, 0x0, 0x0,
    0x1f, 0xfe, 0x0, 0x0, 0x0, 0x1f, 0xfe, 0x0,
    0x0, 0x0, 0x1f, 0xfe, 0x0, 0x0, 0x0, 0x1f,
    0xfe, 0x0, 0x0, 0x0, 0x1f, 0xfc, 0x0, 0x0,
    0x0, 0x1f, 0xfe, 0x0, 0x0, 0x0, 0x1f, 0xfe,
    0x0, 0x0, 0x0, 0x1f, 0xfe, 0x0, 0x0, 0x0,
    0x1f, 0xfe, 0x0, 0x0, 0x0, 0x1f, 0xfe, 0x0,
    0x0, 0x0, 0x1f, 0xfe, 0x0, 0x0, 0x0, 0x1f,
    0xfe, 0x0, 0x0, 0x0, 0x1f, 0xfe, 0x0, 0x0,
    0x0, 0x1f, 0xfe, 0x0, 0x0, 0x0, 0x1f, 0xfe,
    0x0, 0x0, 0x0, 0x1f, 0xfe, 0x0, 0x0, 0x0,
    0x0, 0xff, 0xff, 0xff, 0x0, 0x0, 0xff, 0xff,
    0xff, 0x0, 0x0, 0xff, 0xff, 0xff, 0x0, 0x0,
    0xff, 0xff, 0xff, 0x0, 0x0, 0xff, 0xff, 0xff,
    0x0, 0x0, 0xff, 0xff, 0xff, 0x0, 0x0, 0xff,
    0xff, 0xff, 0x0, 0x0, 0xff, 0xff, 0xff, 0x0,
    0x0, 0xff, 0xff, 0xff, 0x0, 0x0, 0xff, 0xff,
    0xff, 0x0, 0x0, 0xff, 0xff, 0xff,

    /* U+0075 "u" */
    0xff, 0xf0, 0x0, 0x0, 0x3f, 0xff, 0xff, 0xc0,
    0x0, 0x0, 0xff, 0xff, 0xff, 0x0, 0x0, 0x3,
    0xff, 0xff, 0xfc, 0x0, 0x0, 0xf, 0xff, 0xff,
    0xf0, 0x0, 0x0, 0x3f, 0xff, 0xff, 0xc0, 0x0,
    0x0, 0xff, 0xff, 0xff, 0x0, 0x0, 0x3, 0xff,
    0xff, 0xfc, 0x0, 0x0, 0xf, 0xff, 0xff, 0xf0,
    0x0, 0x0, 0x3f, 0xff, 0xff, 0xc0, 0x0, 0x0,
    0xff, 0xff, 0xff, 0x0, 0x0, 0x3, 0xff, 0xdf,
    0xf8, 0x0, 0x0, 0xf, 0xfe, 0xff, 0xf0, 0x0,
    0x0, 0x3f, 0xff, 0xff, 0xc0, 0x0, 0x0, 0xff,
    0xff, 0xff, 0x0, 0x0, 0x3, 0xff, 0xff, 0xfc,
    0x0, 0x0, 0xf, 0xff, 0xff, 0xf0, 0x0, 0x0,
    0x3f, 0xff, 0xff, 0xc0, 0x0, 0x0, 0xff, 0xff,
    0xff, 0x0, 0x0, 0x3, 0xff, 0xff, 0xfc, 0x0,
    0x0, 0xf, 0xff, 0xff, 0xf0, 0x0, 0x0, 0x3f,
    0xff, 0xff, 0xc0, 0x0, 0x0, 0xff, 0xf7, 0xff,
    0x0, 0x0, 0x1, 0xff, 0xbf, 0xfc, 0x0, 0x0,
    0xf, 0xff, 0xff, 0xf0, 0x0, 0x0, 0x3f, 0xff,
    0xff, 0xc0, 0x0, 0x0, 0xff, 0xff, 0xff, 0x0,
    0x0, 0x3, 0xff, 0xff, 0xfc, 0x0, 0x0, 0xf,
    0xff, 0xff, 0xf0, 0x0, 0x0, 0x3f, 0xff, 0xff,
    0xc0, 0x0, 0x0, 0xff, 0xff, 0xff, 0x0, 0x0,
    0x3, 0xff, 0xff, 0xfc, 0x0, 0x0, 0xf, 0xff,
    0xff, 0xf0, 0x0, 0x0, 0x3f, 0xff, 0xff, 0xc0,
    0x0, 0x0, 0xff, 0xff, 0xff, 0xf0, 0x0, 0x3f,
    0xff, 0xff, 0xff, 0xe0, 0x1, 0xff, 0xff, 0xff,
    0xff, 0x80, 0x7, 0xff, 0xff, 0xff, 0xfe, 0x0,
    0x1f, 0xff, 0xff, 0xff, 0xf8, 0x0, 0x7f, 0xff,
    0xff, 0xff, 0xe0, 0x1, 0xff, 0xff, 0xff, 0xff,
    0x80, 0x7, 0xff, 0xff, 0xff, 0xfe, 0x0, 0x1f,
    0xff, 0xff, 0xff, 0xf8, 0x0, 0x7f, 0xff, 0xff,
    0xff, 0xe0, 0x1, 0xff, 0xff, 0xff, 0xff, 0x0,
    0x3, 0xff, 0xfc, 0x7, 0xff, 0xff, 0xf0, 0xff,
    0xf0, 0x1f, 0xff, 0xff, 0xe3, 0xff, 0xc0, 0x7f,
    0xff, 0xff, 0x8f, 0xff, 0x1, 0xff, 0xff, 0xfe,
    0x3f, 0xfc, 0x7, 0xff, 0xff, 0xf8, 0xff, 0xf0,
    0x1f, 0xff, 0xff, 0xe3, 0xff, 0xc0, 0x7f, 0xff,
    0xff, 0x8f, 0xff, 0x1, 0xff, 0xff, 0xfe, 0x3f,
    0xfc, 0x7, 0xff, 0xff, 0xf8, 0xff, 0xf0, 0x1f,
    0xff, 0xff, 0xe3, 0xff, 0xc0, 0x7f, 0xff, 0xff,
    0xf, 0xff,

    /* U+0076 "v" */
    0xff, 0xf0, 0x0, 0x0, 0x3f, 0xff, 0xff, 0xc0,
    0x0, 0x0, 0xff, 0xff, 0xff, 0x0, 0x0, 0x3,
    0xff, 0xff, 0xfc, 0x0, 0x0, 0xf, 0xff, 0xff,
    0xf0, 0x0, 0x0, 0x3f, 0xff, 0xff, 0xc0, 0x0,
    0x0, 0xff, 0xff, 0xff, 0x0, 0x0, 0x3, 0xff,
    0xff, 0xfc, 0x0, 0x0, 0xf, 0xff, 0xff, 0xf0,
    0x0, 0x0, 0x3f, 0xff, 0xff, 0xc0, 0x0, 0x0,
    0xff, 0xff, 0xff, 0x0, 0x0, 0x3, 0xff, 0xc1,
    0xff, 0xc0, 0x0, 0xff, 0xe0, 0xf, 0xff, 0x0,
    0x3, 0xff, 0xc0, 0x3f, 0xfc, 0x0, 0xf, 0xff,
    0x0, 0xff, 0xf0, 0x0, 0x3f, 0xfc, 0x3, 0xff,
    0xc0, 0x0, 0xff, 0xf0, 0xf, 0xff, 0x0, 0x3,
    0xff, 0xc0, 0x3f, 0xfc, 0x0, 0xf, 0xff, 0x0,
    0xff, 0xf0, 0x0, 0x3f, 0xfc, 0x3, 0xff, 0xc0,
    0x0, 0xff, 0xf0, 0xf, 0xff, 0x0, 0x3, 0xff,
    0xc0, 0x3f, 0xfc, 0x0, 0xf, 0xff, 0x0, 0x7f,
    0xf0, 0x0, 0x3f, 0xf8, 0x0, 0x1f, 0xfe, 0x1f,
    0xfe, 0x0, 0x0, 0x7f, 0xf8, 0x7f, 0xf8, 0x0,
    0x1, 0xff, 0xe1, 0xff, 0xe0, 0x0, 0x7, 0xff,
    0x87, 0xff, 0x80, 0x0, 0x1f, 0xfe, 0x1f, 0xfe,
    0x0, 0x0, 0x7f, 0xf8, 0x7f, 0xf8, 0x0, 0x1,
    0xff, 0xe1, 0xff, 0xe0, 0x0, 0x7, 0xff, 0x87,
    0xff, 0x80, 0x0, 0x1f, 0xfe, 0x1f, 0xfe, 0x0,
    0x0, 0x7f, 0xf8, 0x7f, 0xf8, 0x0, 0x1, 0xff,
    0xe1, 0xff, 0xe0, 0x0, 0x1, 0xff, 0xff, 0xfe,
    0x0, 0x0, 0x7, 0xff, 0xff, 0xf8, 0x0, 0x0,
    0x1f, 0xff, 0xff, 0xe0, 0x0, 0x0, 0x7f, 0xff,
    0xff, 0x80, 0x0, 0x1, 0xff, 0xff, 0xfe, 0x0,
    0x0, 0x7, 0xff, 0xff, 0xf8, 0x0, 0x0, 0x1f,
    0xff, 0xff, 0xe0, 0x0, 0x0, 0x7f, 0xff, 0xff,
    0x80, 0x0, 0x1, 0xff, 0xff, 0xfe, 0x0, 0x0,
    0x7, 0xff, 0xff, 0xf8, 0x0, 0x0, 0x1f, 0xff,
    0xff, 0xe0, 0x0, 0x0, 0x1, 0xff, 0xe0, 0x0,
    0x0, 0x0, 0x7, 0xff, 0x80, 0x0, 0x0, 0x0,
    0x1f, 0xfe, 0x0, 0x0, 0x0, 0x0, 0x7f, 0xf8,
    0x0, 0x0, 0x0, 0x1, 0xff, 0xe0, 0x0, 0x0,
    0x0, 0x7, 0xff, 0x80, 0x0, 0x0, 0x0, 0x1f,
    0xfe, 0x0, 0x0, 0x0, 0x0, 0x7f, 0xf8, 0x0,
    0x0, 0x0, 0x1, 0xff, 0xe0, 0x0, 0x0, 0x0,
    0x7, 0xff, 0x80, 0x0, 0x0, 0x0, 0x1f, 0xfe,
    0x0, 0x0,

    /* U+0077 "w" */
    0xff, 0xf0, 0x3f, 0xf0, 0x3f, 0xff, 0xff, 0xc0,
    0xff, 0xc0, 0xff, 0xff, 0xff, 0x3, 0xff, 0x3,
    0xff, 0xff, 0xfc, 0xf, 0xfc, 0xf, 0xff, 0xff,
    0xf0, 0x3f, 0xf0, 0x3f, 0xff, 0xff, 0xc0, 0xff,
    0xc0, 0xff, 0xff, 0xff, 0x3, 0xff, 0x3, 0xff,
    0xff, 0xfc, 0xf, 0xfc, 0xf, 0xff, 0xff, 0xf0,
    0x3f, 0xf0, 0x3f, 0xff, 0xff, 0xc0, 0xff, 0xc0,
    0xff, 0xff, 0xff, 0x3, 0xff, 0x3, 0xff, 0xff,
    0xfc, 0xf, 0xfc, 0xf, 0xff, 0xff, 0xf0, 0x3f,
    0xf0, 0x3f, 0xff, 0xff, 0xc0, 0xff, 0xc0, 0xff,
    0xff, 0xff, 0x3, 0xff, 0x3, 0xff, 0xff, 0xfc,
    0xf, 0xfc, 0xf, 0xff, 0xff, 0xf0, 0x3f, 0xf0,
    0x3f, 0xff, 0xff, 0xc0, 0xff, 0xc0, 0xff, 0xff,
    0xff, 0x3, 0xff, 0x3, 0xff, 0xff, 0xfc, 0xf,
    0xfc, 0xf, 0xff, 0xff, 0xf0, 0x3f, 0xf0, 0x3f,
    0xff, 0xff, 0xc0, 0xff, 0xc0, 0xff, 0xf0, 0xff,
    0x3, 0xff, 0x3, 0xfc, 0x3, 0xfc, 0x3f, 0xff,
    0xf, 0xf0, 0xf, 0xf1, 0xff, 0xfc, 0x3f, 0xc0,
    0x3f, 0xc7, 0xff, 0xf0, 0xff, 0x0, 0xff, 0x1f,
    0xff, 0xc3, 0xfc, 0x3, 0xfc, 0x7f, 0xff, 0xf,
    0xf0, 0xf, 0xf1, 0xff, 0xfc, 0x3f, 0xc0, 0x3f,
    0xc7, 0xff, 0xf0, 0xff, 0x0, 0xff, 0x1f, 0xff,
    0xc3, 0xfc, 0x3, 0xfc, 0x7f, 0xff, 0xf, 0xf0,
    0xf, 0xf1, 0xff, 0xfc, 0x3f, 0xc0, 0x3f, 0xc3,
    0x80, 0x70, 0xff, 0x0, 0xff, 0xfe, 0x1, 0xff,
    0xfc, 0x3, 0xff, 0xf8, 0x7, 0xff, 0xf0, 0xf,
    0xff, 0xe0, 0x1f, 0xff, 0xc0, 0x3f, 0xff, 0x80,
    0x7f, 0xff, 0x0, 0xff, 0xfe, 0x1, 0xff, 0xfc,
    0x3, 0xff, 0xf8, 0x7, 0xff, 0xf0, 0xf, 0xff,
    0xe0, 0x1f, 0xff, 0xc0, 0x3f, 0xff, 0x80, 0x7f,
    0xff, 0x0, 0xff, 0xfe, 0x1, 0xff, 0xfc, 0x3,
    0xff, 0xf8, 0x7, 0xff, 0xf0, 0xf, 0xff, 0xe0,
    0x1f, 0xff, 0xc0, 0x7, 0xfc, 0x0, 0x1f, 0xf8,
    0x0, 0x1f, 0xf8, 0x0, 0x7f, 0xe0, 0x0, 0x7f,
    0xe0, 0x1, 0xff, 0x80, 0x1, 0xff, 0x80, 0x7,
    0xfe, 0x0, 0x7, 0xfe, 0x0, 0x1f, 0xf8, 0x0,
    0x1f, 0xf8, 0x0, 0x7f, 0xe0, 0x0, 0x7f, 0xe0,
    0x1, 0xff, 0x80, 0x1, 0xff, 0x80, 0x7, 0xfe,
    0x0, 0x7, 0xfe, 0x0, 0x1f, 0xf8, 0x0, 0x1f,
    0xf8, 0x0, 0x7f, 0xe0, 0x0, 0x7f, 0xc0, 0x1,
    0xff, 0x80,

    /* U+0078 "x" */
    0xff, 0xf0, 0x0, 0xf, 0xff, 0xff, 0xf0, 0x0,
    0xf, 0xff, 0xff, 0xf0, 0x0, 0xf, 0xff, 0xff,
    0xf0, 0x0, 0xf, 0xff, 0xff, 0xf0, 0x0, 0xf,
    0xff, 0xff, 0xf0, 0x0, 0xf, 0xff, 0xff, 0xf0,
    0x0, 0xf, 0xff, 0xff, 0xf0, 0x0, 0xf, 0xff,
    0xff, 0xf0, 0x0, 0xf, 0xff, 0xff, 0xf0, 0x0,
    0xf, 0xff, 0xff, 0xf0, 0x0, 0xf, 0xff, 0x3,
    0xff, 0xc0, 0xff, 0xf0, 0x3, 0xff, 0xc0, 0xff,
    0xf0, 0x3, 0xff, 0xc0, 0xff, 0xf0, 0x3, 0xff,
    0xc0, 0xff, 0xf0, 0x3, 0xff, 0xc0, 0xff, 0xf0,
    0x3, 0xff, 0xc0, 0xff, 0xf0, 0x3, 0xff, 0xc0,
    0xff, 0xf0, 0x3, 0xff, 0xc0, 0xff, 0xf0, 0x3,
    0xff, 0xc0, 0xff, 0xf0, 0x3, 0xff, 0xc0, 0xff,
    0xf0, 0x3, 0xff, 0xc0, 0xff, 0xf0, 0x0, 0x1f,
    0xff, 0xf8, 0x0, 0x0, 0x1f, 0xff, 0xf8, 0x0,
    0x0, 0x1f, 0xff, 0xf8, 0x0, 0x0, 0x1f, 0xff,
    0xf8, 0x0, 0x0, 0x1f, 0xff, 0xf8, 0x0, 0x0,
    0x1f, 0xff, 0xf8, 0x0, 0x0, 0x1f, 0xff, 0xf8,
    0x0, 0x0, 0x1f, 0xff, 0xf8, 0x0, 0x0, 0x1f,
    0xff, 0xf8, 0x0, 0x0, 0x1f, 0xff, 0xf8, 0x0,
    0x0, 0x1f, 0xff, 0xf8, 0x0, 0x3, 0xff, 0xc0,
    0xff, 0xf0, 0x3, 0xff, 0xc0, 0xff, 0xf0, 0x3,
    0xff, 0xc0, 0xff, 0xf0, 0x3, 0xff, 0xc0, 0xff,
    0xf0, 0x3, 0xff, 0xc0, 0xff, 0xf0, 0x3, 0xff,
    0xc0, 0xff, 0xf0, 0x3, 0xff, 0xc0, 0xff, 0xf0,
    0x3, 0xff, 0xc0, 0xff, 0xf0, 0x3, 0xff, 0xc0,
    0xff, 0xf0, 0x3, 0xff, 0xc0, 0xff, 0xf0, 0x3,
    0xff, 0xc0, 0xff, 0xf0, 0x3, 0xf0, 0x0, 0xf,
    0xf0, 0xff, 0xf0, 0x0, 0xf, 0xff, 0xff, 0xf0,
    0x0, 0xf, 0xff, 0xff, 0xf0, 0x0, 0xf, 0xff,
    0xff, 0xf0, 0x0, 0xf, 0xff, 0xff, 0xf0, 0x0,
    0xf, 0xff, 0xff, 0xf0, 0x0, 0xf, 0xff, 0xff,
    0xf0, 0x0, 0xf, 0xff, 0xff, 0xf0, 0x0, 0xf,
    0xff, 0xff, 0xf0, 0x0, 0xf, 0xff, 0xff, 0xf0,
    0x0, 0xf, 0xff, 0xff, 0xf0, 0x0, 0xf, 0xff,

    /* U+0079 "y" */
    0xff, 0xf0, 0x0, 0x0, 0x1f, 0xff, 0xff, 0xe0,
    0x0, 0x0, 0x3f, 0xff, 0xff, 0xc0, 0x0, 0x0,
    0x7f, 0xff, 0xff, 0x80, 0x0, 0x0, 0xff, 0xff,
    0xff, 0x0, 0x0, 0x1, 0xff, 0xff, 0xfe, 0x0,
    0x0, 0x3, 0xff, 0xff, 0xfc, 0x0, 0x0, 0x7,
    0xff, 0xff, 0xf8, 0x0, 0x0, 0xf, 0xff, 0xff,
    0xf0, 0x0, 0x0, 0x1f, 0xff, 0xff, 0xe0, 0x0,
    0x0, 0x3f, 0xff, 0xff, 0xc0, 0x0, 0x0, 0x7f,
    0xf8, 0x3f, 0x80, 0x0, 0x0, 0xff, 0x0, 0xff,
    0xf0, 0x0, 0x1f, 0xfe, 0x1, 0xff, 0xe0, 0x0,
    0x3f, 0xfc, 0x3, 0xff, 0xc0, 0x0, 0x7f, 0xf8,
    0x7, 0xff, 0x80, 0x0, 0xff, 0xf0, 0xf, 0xff,
    0x0, 0x1, 0xff, 0xe0, 0x1f, 0xfe, 0x0, 0x3,
    0xff, 0xc0, 0x3f, 0xfc, 0x0, 0x7, 0xff, 0x80,
    0x7f, 0xf8, 0x0, 0xf, 0xff, 0x0, 0xff, 0xf0,
    0x0, 0x1f, 0xfe, 0x1, 0xff, 0xe0, 0x0, 0x3f,
    0xfc, 0x1, 0xff, 0xc0, 0x0, 0x7f, 0xf8, 0x0,
    0x3f, 0xfc, 0xf, 0xff, 0x0, 0x0, 0x7f, 0xf8,
    0x1f, 0xfe, 0x0, 0x0, 0xff, 0xf0, 0x3f, 0xfc,
    0x0, 0x1, 0xff, 0xe0, 0x7f, 0xf8, 0x0, 0x3,
    0xff, 0xc0, 0xff, 0xf0, 0x0, 0x7, 0xff, 0x81,
    0xff, 0xe0, 0x0, 0xf, 0xff, 0x3, 0xff, 0xc0,
    0x0, 0x1f, 0xfe, 0x7, 0xff, 0x80, 0x0, 0x3f,
    0xfc, 0xf, 0xff, 0x0, 0x0, 0x7f, 0xf8, 0x1f,
    0xfe, 0x0, 0x0, 0xff, 0xf0, 0x3f, 0xfc, 0x0,
    0x0, 0x7f, 0xe3, 0xff, 0xc0, 0x0, 0x0, 0xff,
    0xc7, 0xff, 0x80, 0x0, 0x1, 0xff, 0x8f, 0xff,
    0x0, 0x0, 0x3, 0xff, 0x1f, 0xfe, 0x0, 0x0,
    0x7, 0xfe, 0x3f, 0xfc, 0x0, 0x0, 0xf, 0xfc,
    0x7f, 0xf8, 0x0, 0x0, 0x1f, 0xf8, 0xff, 0xf0,
    0x0, 0x0, 0x3f, 0xf1, 0xff, 0xe0, 0x0, 0x0,
    0x7f, 0xe3, 0xff, 0xc0, 0x0, 0x0, 0xff, 0xc7,
    0xff, 0x80, 0x0, 0x1, 0xff, 0x8f, 0xff, 0x0,
    0x0, 0x0, 0xf, 0xff, 0xe0, 0x0, 0x0, 0x0,
    0x1f, 0xff, 0xc0, 0x0, 0x0, 0x0, 0x3f, 0xff,
    0x80, 0x0, 0x0, 0x0, 0x7f, 0xff, 0x0, 0x0,
    0x0, 0x0, 0xff, 0xfe, 0x0, 0x0, 0x0, 0x1,
    0xff, 0xfc, 0x0, 0x0, 0x0, 0x3, 0xff, 0xf8,
    0x0, 0x0, 0x0, 0x7, 0xff, 0xf0, 0x0, 0x0,
    0x0, 0xf, 0xff, 0xe0, 0x0, 0x0, 0x0, 0x1f,
    0xff, 0xc0, 0x0, 0x0, 0x0, 0x3f, 0xff, 0x80,
    0x0, 0x0, 0x0, 0x7f, 0xf8, 0x0, 0x0, 0x0,
    0x0, 0xff, 0xf0, 0x0, 0x0, 0x0, 0x1, 0xff,
    0xe0, 0x0, 0x0, 0x0, 0x3, 0xff, 0xc0, 0x0,
    0x0, 0x0, 0x7, 0xff, 0x80, 0x0, 0x0, 0x0,
    0xf, 0xff, 0x0, 0x0, 0x0, 0x0, 0x1f, 0xfe,
    0x0, 0x0, 0x0, 0x0, 0x3f, 0xfc, 0x0, 0x0,
    0x0, 0x0, 0x7f, 0xf8, 0x0, 0x0, 0x0, 0x0,
    0xff, 0xf0, 0x0, 0x0, 0x0, 0x1, 0xff, 0xe0,
    0x0, 0x0, 0x1f, 0xff, 0xf8, 0x0, 0x0, 0x0,
    0x3f, 0xff, 0xf0, 0x0, 0x0, 0x0, 0x7f, 0xff,
    0xe0, 0x0, 0x0, 0x0, 0xff, 0xff, 0xc0, 0x0,
    0x0, 0x1, 0xff, 0xff, 0x80, 0x0, 0x0, 0x3,
    0xff, 0xff, 0x0, 0x0, 0x0, 0x7, 0xff, 0xfe,
    0x0, 0x0, 0x0, 0xf, 0xff, 0xfc, 0x0, 0x0,
    0x0, 0x1f, 0xff, 0xf8, 0x0, 0x0, 0x0, 0x3f,
    0xff, 0xf0, 0x0, 0x0, 0x0, 0x7f, 0xff, 0xe0,
    0x0, 0x0, 0x0,

    /* U+007A "z" */
    0xff, 0xff, 0xff, 0xff, 0xff, 0x7f, 0xff, 0xff,
    0xff, 0xff, 0xbf, 0xff, 0xff, 0xff, 0xff, 0xdf,
    0xff, 0xff, 0xff, 0xff, 0xef, 0xff, 0xff, 0xff,
    0xff, 0xf7, 0xff, 0xff, 0xff, 0xff, 0xff, 0xff,
    0xff, 0xff, 0xff, 0xfd, 0xff, 0xff, 0xff, 0xff,
    0xfe, 0xff, 0xff, 0xff, 0xff, 0xff, 0x7f, 0xff,
    0xff, 0xff, 0xff, 0xbf, 0xff, 0xff, 0xff, 0xff,
    0xc0, 0x0, 0x0, 0x3f, 0xfc, 0x0, 0x0, 0x0,
    0x1f, 0xfe, 0x0, 0x0, 0x0, 0xf, 0xff, 0x0,
    0x0, 0x0, 0x7, 0xff, 0x80, 0x0, 0x0, 0x3,
    0xff, 0xc0, 0x0, 0x0, 0x1, 0xff, 0xe0, 0x0,
    0x0, 0x0, 0xff, 0xf0, 0x0, 0x0, 0x0, 0x7f,
    0xf8, 0x0, 0x0, 0x0, 0x3f, 0xfc, 0x0, 0x0,
    0x0, 0x1f, 0xfe, 0x0, 0x0, 0x0, 0xf, 0xff,
    0x0, 0x0, 0x7f, 0xf8, 0x0, 0x0, 0x0, 0x3f,
    0xfc, 0x0, 0x0, 0x0, 0x1f, 0xfe, 0x0, 0x0,
    0x0, 0xf, 0xff, 0x0, 0x0, 0x0, 0x7, 0xff,
    0x80, 0x0, 0x0, 0x3, 0xff, 0xc0, 0x0, 0x0,
    0x1, 0xff, 0xe0, 0x0, 0x0, 0x0, 0xff, 0xf0,
    0x0, 0x0, 0x0, 0x7f, 0xf8, 0x0, 0x0, 0x0,
    0x3f, 0xfc, 0x0, 0x0, 0x0, 0x1f, 0xfe, 0x0,
    0x0, 0x7f, 0xf8, 0x0, 0x0, 0x0, 0x3f, 0xfc,
    0x0, 0x0, 0x0, 0x1f, 0xfe, 0x0, 0x0, 0x0,
    0xf, 0xff, 0x0, 0x0, 0x0, 0x7, 0xff, 0x80,
    0x0, 0x0, 0x3, 0xff, 0xc0, 0x0, 0x0, 0x1,
    0xff, 0xe0, 0x0, 0x0, 0x0, 0xff, 0xf0, 0x0,
    0x0, 0x0, 0x7f, 0xf8, 0x0, 0x0, 0x0, 0x3f,
    0xfc, 0x0, 0x0, 0x0, 0x1f, 0xfe, 0x0, 0x0,
    0x0, 0xf, 0xff, 0x0, 0x0, 0x0, 0x7, 0xff,
    0xff, 0xff, 0xff, 0xfb, 0xff, 0xff, 0xff, 0xff,
    0xfd, 0xff, 0xff, 0xff, 0xff, 0xfe, 0xff, 0xff,
    0xff, 0xff, 0xff, 0x7f, 0xff, 0xff, 0xff, 0xff,
    0xbf, 0xff, 0xff, 0xff, 0xff, 0xff, 0xff, 0xff,
    0xff, 0xff, 0xef, 0xff, 0xff, 0xff, 0xff, 0xf7,
    0xff, 0xff, 0xff, 0xff, 0xfb, 0xff, 0xff, 0xff,
    0xff, 0xfd, 0xff, 0xff, 0xff, 0xff, 0xfe,

    /* U+00B0 "°" */
    0xf, 0xff, 0xff, 0xe0, 0xf, 0xff, 0xff, 0xf0,
    0xf, 0xff, 0xff, 0xf0, 0xf, 0xff, 0xff, 0xf0,
    0xf, 0xff, 0xff, 0xf0, 0xf, 0xff, 0xff, 0xf0,
    0xf, 0xff, 0xff, 0xf0, 0xf, 0xff, 0xff, 0xf0,
    0xf, 0xff, 0xff, 0xf0, 0xf, 0xff, 0xff, 0xf0,
    0xf, 0xff, 0xff, 0xf0, 0x7, 0x80, 0x3, 0xe0,
    0xff, 0xc0, 0x3, 0xff, 0xff, 0xc0, 0x3, 0xff,
    0xff, 0xc0, 0x3, 0xff, 0xff, 0xc0, 0x3, 0xff,
    0xff, 0xc0, 0x3, 0xff, 0xff, 0xc0, 0x3, 0xff,
    0xff, 0xc0, 0x3, 0xff, 0xff, 0xc0, 0x3, 0xff,
    0xff, 0xc0, 0x3, 0xff, 0xff, 0xc0, 0x3, 0xff,
    0xff, 0x80, 0x1, 0xff, 0xff, 0x80, 0x3, 0xff,
    0xff, 0xc0, 0x3, 0xff, 0xff, 0xc0, 0x3, 0xff,
    0xff, 0xc0, 0x3, 0xff, 0xff, 0xc0, 0x3, 0xff,
    0xff, 0xc0, 0x3, 0xff, 0xff, 0xc0, 0x3, 0xff,
    0xff, 0xc0, 0x3, 0xff, 0xff, 0xc0, 0x3, 0xff,
    0xff, 0xc0, 0x3, 0xff, 0xff, 0xc0, 0x3, 0xff,
    0xf, 0xff, 0xff, 0xe0, 0xf, 0xff, 0xff, 0xf0,
    0xf, 0xff, 0xff, 0xf0, 0xf, 0xff, 0xff, 0xf0,
    0xf, 0xff, 0xff, 0xf0, 0xf, 0xff, 0xff, 0xf0,
    0xf, 0xff, 0xff, 0xf0, 0xf, 0xff, 0xff, 0xf0,
    0xf, 0xff, 0xff, 0xf0, 0xf, 0xff, 0xff, 0xf0,
    0xf, 0xff, 0xff, 0xf0
};


/*---------------------
 *  GLYPH DESCRIPTION
 *--------------------*/

static const lv_font_fmt_txt_glyph_dsc_t glyph_dsc[] = {
    {.bitmap_index = 0, .adv_w = 0, .box_w = 0, .box_h = 0, .ofs_x = 0, .ofs_y = 0} /* id = 0 reserved */,
    {.bitmap_index = 0, .adv_w = 896, .box_w = 1, .box_h = 1, .ofs_x = 0, .ofs_y = 0},
    {.bitmap_index = 1, .adv_w = 896, .box_w = 15, .box_h = 44, .ofs_x = 20, .ofs_y = -22},
    {.bitmap_index = 84, .adv_w = 896, .box_w = 29, .box_h = 11, .ofs_x = 13, .ofs_y = 34},
    {.bitmap_index = 124, .adv_w = 896, .box_w = 15, .box_h = 22, .ofs_x = 20, .ofs_y = 0},
    {.bitmap_index = 166, .adv_w = 896, .box_w = 37, .box_h = 78, .ofs_x = 9, .ofs_y = 0},
    {.bitmap_index = 527, .adv_w = 896, .box_w = 35, .box_h = 78, .ofs_x = 11, .ofs_y = 0},
    {.bitmap_index = 869, .adv_w = 896, .box_w = 40, .box_h = 78, .ofs_x = 8, .ofs_y = 0},
    {.bitmap_index = 1259, .adv_w = 896, .box_w = 40, .box_h = 78, .ofs_x = 8, .ofs_y = 0},
    {.bitmap_index = 1649, .adv_w = 896, .box_w = 46, .box_h = 78, .ofs_x = 5, .ofs_y = 0},
    {.bitmap_index = 2098, .adv_w = 896, .box_w = 43, .box_h = 78, .ofs_x = 8, .ofs_y = 0},
    {.bitmap_index = 2518, .adv_w = 896, .box_w = 42, .box_h = 78, .ofs_x = 7, .ofs_y = 0},
    {.bitmap_index = 2928, .adv_w = 896, .box_w = 40, .box_h = 78, .ofs_x = 8, .ofs_y = 0},
    {.bitmap_index = 3318, .adv_w = 896, .box_w = 37, .box_h = 78, .ofs_x = 9, .ofs_y = 0},
    {.bitmap_index = 3679, .adv_w = 896, .box_w = 42, .box_h = 78, .ofs_x = 7, .ofs_y = 0},
    {.bitmap_index = 4089, .adv_w = 896, .box_w = 15, .box_h = 67, .ofs_x = 20, .ofs_y = 0},
    {.bitmap_index = 4215, .adv_w = 896, .box_w = 46, .box_h = 78, .ofs_x = 5, .ofs_y = 0},
    {.bitmap_index = 4664, .adv_w = 896, .box_w = 46, .box_h = 78, .ofs_x = 5, .ofs_y = 0},
    {.bitmap_index = 5113, .adv_w = 896, .box_w = 46, .box_h = 78, .ofs_x = 5, .ofs_y = 0},
    {.bitmap_index = 5562, .adv_w = 896, .box_w = 46, .box_h = 78, .ofs_x = 5, .ofs_y = 0},
    {.bitmap_index = 6011, .adv_w = 896, .box_w = 35, .box_h = 78, .ofs_x = 11, .ofs_y = 0},
    {.bitmap_index = 6353, .adv_w = 896, .box_w = 35, .box_h = 78, .ofs_x = 11, .ofs_y = 0},
    {.bitmap_index = 6695, .adv_w = 896, .box_w = 46, .box_h = 78, .ofs_x = 5, .ofs_y = 0},
    {.bitmap_index = 7144, .adv_w = 896, .box_w = 46, .box_h = 78, .ofs_x = 5, .ofs_y = 0},
    {.bitmap_index = 7593, .adv_w = 896, .box_w = 29, .box_h = 78, .ofs_x = 13, .ofs_y = 0},
    {.bitmap_index = 7876, .adv_w = 896, .box_w = 43, .box_h = 78, .ofs_x = 5, .ofs_y = 0},
    {.bitmap_index = 8296, .adv_w = 896, .box_w = 46, .box_h = 78, .ofs_x = 5, .ofs_y = 0},
    {.bitmap_index = 8745, .adv_w = 896, .box_w = 41, .box_h = 78, .ofs_x = 11, .ofs_y = 0},
    {.bitmap_index = 9145, .adv_w = 896, .box_w = 46, .box_h = 78, .ofs_x = 5, .ofs_y = 0},
    {.bitmap_index = 9594, .adv_w = 896, .box_w = 46, .box_h = 78, .ofs_x = 5, .ofs_y = 0},
    {.bitmap_index = 10043, .adv_w = 896, .box_w = 46, .box_h = 78, .ofs_x = 5, .ofs_y = 0},
    {.bitmap_index = 10492, .adv_w = 896, .box_w = 46, .box_h = 78, .ofs_x = 5, .ofs_y = 0},
    {.bitmap_index = 10941, .adv_w = 896, .box_w = 46, .box_h = 100, .ofs_x = 5, .ofs_y = -22},
    {.bitmap_index = 11516, .adv_w = 896, .box_w = 46, .box_h = 78, .ofs_x = 5, .ofs_y = 0},
    {.bitmap_index = 11965, .adv_w = 896, .box_w = 46, .box_h = 78, .ofs_x = 5, .ofs_y = 0},
    {.bitmap_index = 12414, .adv_w = 896, .box_w = 46, .box_h = 78, .ofs_x = 5, .ofs_y = 0},
    {.bitmap_index = 12863, .adv_w = 896, .box_w = 46, .box_h = 78, .ofs_x = 5, .ofs_y = 0},
    {.bitmap_index = 13312, .adv_w = 896, .box_w = 46, .box_h = 78, .ofs_x = 5, .ofs_y = 0},
    {.bitmap_index = 13761, .adv_w = 896, .box_w = 46, .box_h = 78, .ofs_x = 5, .ofs_y = 0},
    {.bitmap_index = 14210, .adv_w = 896, .box_w = 46, .box_h = 78, .ofs_x = 5, .ofs_y = 0},
    {.bitmap_index = 14659, .adv_w = 896, .box_w = 46, .box_h = 78, .ofs_x = 5, .ofs_y = 0},
    {.bitmap_index = 15108, .adv_w = 896, .box_w = 40, .box_h = 78, .ofs_x = 8, .ofs_y = 0},
    {.bitmap_index = 15498, .adv_w = 896, .box_w = 46, .box_h = 56, .ofs_x = 5, .ofs_y = 0},
    {.bitmap_index = 15820, .adv_w = 896, .box_w = 46, .box_h = 78, .ofs_x = 5, .ofs_y = 0},
    {.bitmap_index = 16269, .adv_w = 896, .box_w = 46, .box_h = 56, .ofs_x = 5, .ofs_y = 0},
    {.bitmap_index = 16591, .adv_w = 896, .box_w = 46, .box_h = 78, .ofs_x = 5, .ofs_y = 0},
    {.bitmap_index = 17040, .adv_w = 896, .box_w = 46, .box_h = 56, .ofs_x = 5, .ofs_y = 0},
    {.bitmap_index = 17362, .adv_w = 896, .box_w = 35, .box_h = 78, .ofs_x = 11, .ofs_y = 0},
    {.bitmap_index = 17704, .adv_w = 896, .box_w = 46, .box_h = 78, .ofs_x = 5, .ofs_y = -22},
    {.bitmap_index = 18153, .adv_w = 896, .box_w = 46, .box_h = 78, .ofs_x = 5, .ofs_y = 0},
    {.bitmap_index = 18602, .adv_w = 896, .box_w = 35, .box_h = 78, .ofs_x = 11, .ofs_y = 0},
    {.bitmap_index = 18944, .adv_w = 896, .box_w = 29, .box_h = 100, .ofs_x = 11, .ofs_y = -22},
    {.bitmap_index = 19307, .adv_w = 896, .box_w = 46, .box_h = 78, .ofs_x = 5, .ofs_y = 0},
    {.bitmap_index = 19756, .adv_w = 896, .box_w = 35, .box_h = 78, .ofs_x = 11, .ofs_y = 0},
    {.bitmap_index = 20098, .adv_w = 896, .box_w = 46, .box_h = 56, .ofs_x = 5, .ofs_y = 0},
    {.bitmap_index = 20420, .adv_w = 896, .box_w = 46, .box_h = 56, .ofs_x = 5, .ofs_y = 0},
    {.bitmap_index = 20742, .adv_w = 896, .box_w = 46, .box_h = 56, .ofs_x = 5, .ofs_y = 0},
    {.bitmap_index = 21064, .adv_w = 896, .box_w = 46, .box_h = 78, .ofs_x = 5, .ofs_y = -22},
    {.bitmap_index = 21513, .adv_w = 896, .box_w = 46, .box_h = 78, .ofs_x = 5, .ofs_y = -22},
    {.bitmap_index = 21962, .adv_w = 896, .box_w = 46, .box_h = 56, .ofs_x = 5, .ofs_y = 0},
    {.bitmap_index = 22284, .adv_w = 896, .box_w = 40, .box_h = 56, .ofs_x = 8, .ofs_y = 0},
    {.bitmap_index = 22564, .adv_w = 896, .box_w = 40, .box_h = 78, .ofs_x = 5, .ofs_y = 0},
    {.bitmap_index = 22954, .adv_w = 896, .box_w = 46, .box_h = 56, .ofs_x = 5, .ofs_y = 0},
    {.bitmap_index = 23276, .adv_w = 896, .box_w = 46, .box_h = 56, .ofs_x = 5, .ofs_y = 0},
    {.bitmap_index = 23598, .adv_w = 896, .box_w = 46, .box_h = 56, .ofs_x = 5, .ofs_y = 0},
    {.bitmap_index = 23920, .adv_w = 896, .box_w = 40, .box_h = 56, .ofs_x = 8, .ofs_y = 0},
    {.bitmap_index = 24200, .adv_w = 896, .box_w = 47, .box_h = 78, .ofs_x = 4, .ofs_y = -22},
    {.bitmap_index = 24659, .adv_w = 896, .box_w = 41, .box_h = 56, .ofs_x = 8, .ofs_y = 0},
    {.bitmap_index = 24946, .adv_w = 896, .box_w = 32, .box_h = 45, .ofs_x = 12, .ofs_y = 45}
};

/*---------------------
 *  CHARACTER MAPPING
 *--------------------*/

static const uint16_t unicode_list_0[] = {
    0x0, 0xc, 0xd, 0xe
};

/*Collect the unicode lists and glyph_id offsets*/
static const lv_font_fmt_txt_cmap_t cmaps[] =
{
    {
        .range_start = 32, .range_length = 15, .glyph_id_start = 1,
        .unicode_list = unicode_list_0, .glyph_id_ofs_list = NULL, .list_length = 4, .type = LV_FONT_FMT_TXT_CMAP_SPARSE_TINY
    },
    {
        .range_start = 48, .range_length = 11, .glyph_id_start = 5,
        .unicode_list = NULL, .glyph_id_ofs_list = NULL, .list_length = 0, .type = LV_FONT_FMT_TXT_CMAP_FORMAT0_TINY
    },
    {
        .range_start = 65, .range_length = 26, .glyph_id_start = 16,
        .unicode_list = NULL, .glyph_id_ofs_list = NULL, .list_length = 0, .type = LV_FONT_FMT_TXT_CMAP_FORMAT0_TINY
    },
    {
        .range_start = 97, .range_length = 26, .glyph_id_start = 42,
        .unicode_list = NULL, .glyph_id_ofs_list = NULL, .list_length = 0, .type = LV_FONT_FMT_TXT_CMAP_FORMAT0_TINY
    },
    {
        .range_start = 176, .range_length = 1, .glyph_id_start = 68,
        .unicode_list = NULL, .glyph_id_ofs_list = NULL, .list_length = 0, .type = LV_FONT_FMT_TXT_CMAP_FORMAT0_TINY
    }
};



/*--------------------
 *  ALL CUSTOM DATA
 *--------------------*/

#if LVGL_VERSION_MAJOR == 8
/*Store all the custom data of the font*/
static  lv_font_fmt_txt_glyph_cache_t cache;
#endif

#if LVGL_VERSION_MAJOR >= 8
static const lv_font_fmt_txt_dsc_t font_dsc = {
#else
static lv_font_fmt_txt_dsc_t font_dsc = {
#endif
    .glyph_bitmap = glyph_bitmap,
    .glyph_dsc = glyph_dsc,
    .cmaps = cmaps,
    .kern_dsc = NULL,
    .kern_scale = 0,
    .cmap_num = 5,
    .bpp = 1,
    .kern_classes = 0,
    .bitmap_format = 0,
#if LVGL_VERSION_MAJOR == 8
    .cache = &cache
#endif

};



/*-----------------
 *  PUBLIC FONT
 *----------------*/

/*Initialize a public general font descriptor*/
#if LVGL_VERSION_MAJOR >= 8
const lv_font_t largest1 = {
#else
lv_font_t largest1 = {
#endif
    .get_glyph_dsc = lv_font_get_glyph_dsc_fmt_txt,    /*Function pointer to get glyph's data*/
    .get_glyph_bitmap = lv_font_get_bitmap_fmt_txt,    /*Function pointer to get glyph's bitmap*/
    .line_height = 112,          /*The maximum line height required by the font*/
    .base_line = 22,             /*Baseline measured from the bottom of the line*/
#if !(LVGL_VERSION_MAJOR == 6 && LVGL_VERSION_MINOR == 0)
    .subpx = LV_FONT_SUBPX_NONE,
#endif
#if LV_VERSION_CHECK(7, 4, 0) || LVGL_VERSION_MAJOR >= 8
    .underline_position = -17,
    .underline_thickness = 7,
#endif
    .static_bitmap = 0,
    .dsc = &font_dsc,          /*The custom font data. Will be accessed by `get_glyph_bitmap/dsc` */
#if LV_VERSION_CHECK(8, 2, 0) || LVGL_VERSION_MAJOR >= 9
    .fallback = NULL,
#endif
    .user_data = NULL,
};



#endif /*#if LARGEST1*/
